prefecture,municipality,total_area_km2,habitable_area_km2,medical_zone_name
三重県,伊賀市,558.23,218.75,中勢伊賀
三重県,名張市,129.77,61.42,中勢伊賀
三重県,津市,711.18,295.84,中勢伊賀
三重県,いなべ市,219.83,92.48,北勢
三重県,亀山市,191.04,71.33,北勢
三重県,四日市市,206.5,178.25,北勢
三重県,川越町,8.72,8.72,北勢
三重県,朝日町,5.99,5.36,北勢
三重県,木曽岬町,15.74,15.74,北勢
三重県,東員町,22.68,20.91,北勢
三重県,桑名市,136.65,106.91,北勢
三重県,菰野町,107.01,53.41,北勢
三重県,鈴鹿市,194.46,158.58,北勢
三重県,伊勢市,208.37,98.8,南勢志摩
三重県,南伊勢町,241.89,35.84,南勢志摩
三重県,多気町,103.06,43.9,南勢志摩
三重県,大台町,362.86,27.47,南勢志摩
三重県,大紀町,233.32,22.69,南勢志摩
三重県,度会町,134.98,20.87,南勢志摩
三重県,志摩市,178.93,87.88,南勢志摩
三重県,明和町,41.06,37.87,南勢志摩
三重県,松阪市,623.58,196.64,南勢志摩
三重県,玉城町,40.91,28.32,南勢志摩
三重県,鳥羽市,107.34,32.36,南勢志摩
三重県,尾鷲市,192.71,17.13,東紀州
三重県,御浜町,88.13,31.16,東紀州
三重県,熊野市,373.35,45.28,東紀州
三重県,紀北町,256.55,31.33,東紀州
三重県,紀宝町,79.62,18.88,東紀州
京都府,福知山市,552.54,131.89,中丹
京都府,綾部市,347.1,81.63,中丹
京都府,舞鶴市,342.13,73.08,中丹
京都府,与謝野町,108.38,25.82,丹後
京都府,京丹後市,501.44,122.69,丹後
京都府,伊根町,61.95,11.18,丹後
京都府,宮津市,172.74,34.84,丹後
京都府,上京区,7.03,7.03,京都・乙訓
京都府,下京区,6.78,6.78,京都・乙訓
京都府,中京区,7.41,7.41,京都・乙訓
京都府,伏見区,61.68,47.2,京都・乙訓
京都府,北区,94.88,16.07,京都・乙訓
京都府,南区,15.78,15.78,京都・乙訓
京都府,右京区,292.07,38.43,京都・乙訓
京都府,向日市,7.72,6.82,京都・乙訓
京都府,大山崎町,5.97,4.15,京都・乙訓
京都府,山科区,28.7,15.21,京都・乙訓
京都府,左京区,246.77,31.71,京都・乙訓
京都府,東山区,7.48,5.93,京都・乙訓
京都府,西京区,59.24,26.82,京都・乙訓
京都府,長岡京市,19.17,11.3,京都・乙訓
京都府,亀岡市,224.8,72.01,南丹
京都府,京丹波町,303.09,52.75,南丹
京都府,南丹市,616.4,74.37,南丹
京都府,久御山町,13.86,13.66,山城北
京都府,井手町,18.04,7.08,山城北
京都府,京田辺市,42.92,30.72,山城北
京都府,八幡市,24.35,22.6,山城北
京都府,城陽市,32.71,22.72,山城北
京都府,宇治市,67.54,33.91,山城北
京都府,宇治田原町,58.16,14.41,山城北
京都府,南山城村,64.11,18.01,山城南
京都府,和束町,64.93,15.47,山城南
京都府,木津川市,85.13,53.89,山城南
京都府,笠置町,23.52,4.71,山城南
京都府,精華町,25.68,19.21,山城南
佐賀県,佐賀市,431.81,255.22,中部
佐賀県,吉野ヶ里町,43.99,23.88,中部
佐賀県,多久市,96.56,47.66,中部
佐賀県,小城市,95.81,71.98,中部
佐賀県,神埼市,125.13,66.62,中部
佐賀県,唐津市,487.58,232.3,北部
佐賀県,玄海町,35.92,26.02,北部
佐賀県,大町町,11.5,8.15,南部
佐賀県,太良町,74.3,33.13,南部
佐賀県,嬉野市,126.41,53.77,南部
佐賀県,武雄市,195.4,91.74,南部
佐賀県,江北町,24.88,21.1,南部
佐賀県,白石町,99.56,88.91,南部
佐賀県,鹿島市,112.12,58.96,南部
佐賀県,みやき町,51.92,42.83,東部
佐賀県,上峰町,12.8,10.97,東部
佐賀県,基山町,22.15,12.63,東部
佐賀県,鳥栖市,71.72,48.59,東部
佐賀県,伊万里市,255.24,112.75,西部
佐賀県,有田町,65.85,27.34,西部
兵庫県,丹波市,493.21,121.88,丹波
兵庫県,丹波篠山市,377.59,95.88,丹波
兵庫県,新温泉町,241.01,40.36,但馬
兵庫県,朝来市,403.06,64.54,但馬
兵庫県,豊岡市,697.55,143.69,但馬
兵庫県,養父市,422.91,67.28,但馬
兵庫県,香美町,368.77,52.0,但馬
兵庫県,三木市,176.51,103.34,北播磨
兵庫県,加東市,157.55,80.06,北播磨
兵庫県,加西市,150.98,85.26,北播磨
兵庫県,多可町,185.19,35.84,北播磨
兵庫県,小野市,92.94,57.66,北播磨
兵庫県,西脇市,132.44,38.62,北播磨
兵庫県,たつの市,210.87,82.98,播磨姫路
兵庫県,上郡町,150.26,25.7,播磨姫路
兵庫県,佐用町,307.44,58.74,播磨姫路
兵庫県,太子町,22.61,15.8,播磨姫路
兵庫県,姫路市,534.56,229.13,播磨姫路
兵庫県,宍粟市,658.54,72.09,播磨姫路
兵庫県,市川町,82.67,19.98,播磨姫路
兵庫県,相生市,90.4,22.48,播磨姫路
兵庫県,神河町,202.23,21.11,播磨姫路
兵庫県,福崎町,45.79,21.19,播磨姫路
兵庫県,赤穂市,126.85,46.13,播磨姫路
兵庫県,加古川市,138.48,102.48,東播磨
兵庫県,播磨町,9.13,9.13,東播磨
兵庫県,明石市,49.41,47.99,東播磨
兵庫県,稲美町,34.92,33.82,東播磨
兵庫県,高砂市,34.38,30.03,東播磨
兵庫県,南あわじ市,229.01,94.13,淡路
兵庫県,洲本市,182.38,79.16,淡路
兵庫県,淡路市,184.24,111.8,淡路
兵庫県,中央区,28.98,23.0,神戸
兵庫県,兵庫区,14.64,10.85,神戸
兵庫県,北区,240.29,100.53,神戸
兵庫県,垂水区,28.07,24.31,神戸
兵庫県,東灘区,34.03,27.41,神戸
兵庫県,灘区,32.65,13.54,神戸
兵庫県,西区,138.01,104.11,神戸
兵庫県,長田区,11.34,10.06,神戸
兵庫県,須磨区,28.93,21.88,神戸
兵庫県,三田市,210.32,74.48,阪神
兵庫県,伊丹市,25.0,25.0,阪神
兵庫県,宝塚市,101.8,45.34,阪神
兵庫県,尼崎市,50.7,50.7,阪神
兵庫県,川西市,53.44,32.62,阪神
兵庫県,猪名川町,90.33,20.85,阪神
兵庫県,芦屋市,18.47,11.29,阪神
兵庫県,西宮市,99.95,63.1,阪神
北海道,上川町,1049.47,160.23,上川中部
北海道,幌加内町,767.04,146.45,上川中部
北海道,当麻町,204.9,70.91,上川中部
北海道,愛別町,250.13,46.53,上川中部
北海道,旭川市,747.66,350.18,上川中部
北海道,東川町,247.3,74.51,上川中部
北海道,東神楽町,68.5,54.16,上川中部
北海道,比布町,86.9,42.69,上川中部
北海道,美瑛町,676.78,318.57,上川中部
北海道,鷹栖町,139.42,76.7,上川中部
北海道,下川町,644.54,92.87,上川北部
北海道,中川町,594.74,82.36,上川北部
北海道,剣淵町,130.99,92.97,上川北部
北海道,名寄市,534.86,200.22,上川北部
北海道,和寒町,225.11,81.98,上川北部
北海道,士別市,1119.22,284.28,上川北部
北海道,美深町,672.09,94.63,上川北部
北海道,音威子府村,275.63,38.91,上川北部
北海道,上砂川町,39.98,5.47,中空知
北海道,奈井江町,88.19,39.79,中空知
北海道,新十津川町,495.47,112.36,中空知
北海道,歌志内市,55.95,14.02,中空知
北海道,浦臼町,101.83,52.95,中空知
北海道,滝川市,115.9,102.82,中空知
北海道,砂川市,78.68,49.97,中空知
北海道,芦別市,865.04,141.22,中空知
北海道,赤平市,129.88,37.27,中空知
北海道,雨竜町,191.15,70.7,中空知
北海道,せたな町,638.68,139.8,北渡島檜山
北海道,今金町,568.25,122.21,北渡島檜山
北海道,八雲町,956.08,172.53,北渡島檜山
北海道,長万部町,310.76,61.13,北渡島檜山
北海道,北竜町,158.7,56.28,北空知
北海道,妹背牛町,48.64,48.61,北空知
北海道,沼田町,283.35,83.65,北空知
北海道,深川市,529.42,214.92,北空知
北海道,秩父別町,47.18,44.28,北空知
北海道,北見市,1427.41,427.94,北網
北海道,大空町,343.66,194.62,北網
北海道,小清水町,286.89,145.21,北網
北海道,斜里町,737.13,309.63,北網
北海道,津別町,716.8,101.75,北網
北海道,清里町,402.76,132.28,北網
北海道,網走市,470.84,229.83,北網
北海道,置戸町,527.27,82.69,北網
北海道,美幌町,438.41,172.61,北網
北海道,訓子府町,190.95,83.91,北網
北海道,上士幌町,694.23,190.66,十勝
北海道,中札内村,292.58,127.46,十勝
北海道,士幌町,259.19,198.74,十勝
北海道,大樹町,815.67,244.95,十勝
北海道,帯広市,619.34,381.3,十勝
北海道,幕別町,477.64,317.22,十勝
北海道,広尾町,596.48,128.36,十勝
北海道,新得町,1063.83,223.21,十勝
北海道,更別村,176.9,149.82,十勝
北海道,本別町,391.91,179.83,十勝
北海道,池田町,371.79,133.72,十勝
北海道,浦幌町,729.85,176.96,十勝
北海道,清水町,402.25,223.78,十勝
北海道,芽室町,513.76,305.65,十勝
北海道,豊頃町,536.71,189.5,十勝
北海道,足寄町,1408.04,258.8,十勝
北海道,陸別町,608.9,99.23,十勝
北海道,音更町,466.02,336.7,十勝
北海道,鹿追町,402.88,165.33,十勝
北海道,上ノ国町,547.72,43.85,南檜山
北海道,乙部町,162.59,25.58,南檜山
北海道,厚沢部町,460.58,91.82,南檜山
北海道,奥尻町,142.99,20.75,南檜山
北海道,江差町,109.48,27.14,南檜山
北海道,七飯町,216.75,80.22,南渡島
北海道,函館市,677.87,122.81,南渡島
北海道,北斗市,397.44,95.8,南渡島
北海道,木古内町,221.86,23.9,南渡島
北海道,松前町,293.25,23.65,南渡島
北海道,森町,368.79,92.98,南渡島
北海道,知内町,196.76,31.88,南渡島
北海道,福島町,187.25,16.55,南渡島
北海道,鹿部町,110.63,21.34,南渡島
北海道,三笠市,302.52,58.49,南空知
北海道,南幌町,81.36,79.95,南空知
北海道,夕張市,763.07,114.66,南空知
北海道,岩見沢市,481.02,320.71,南空知
北海道,月形町,150.4,60.85,南空知
北海道,栗山町,203.93,100.29,南空知
北海道,由仁町,133.74,85.59,南空知
北海道,美唄市,277.69,157.55,南空知
北海道,長沼町,168.52,150.23,南空知
北海道,中頓別町,398.51,65.5,宗谷
北海道,利尻富士町,105.62,38.51,宗谷
北海道,利尻町,76.5,26.8,宗谷
北海道,幌延町,574.1,127.24,宗谷
北海道,枝幸町,1115.62,197.32,宗谷
北海道,浜頓別町,401.59,83.43,宗谷
北海道,猿払村,589.99,121.3,宗谷
北海道,礼文町,81.64,34.43,宗谷
北海道,稚内市,761.42,320.75,宗谷
北海道,豊富町,520.69,240.78,宗谷
北海道,上富良野町,237.1,120.04,富良野
北海道,中富良野町,108.65,64.56,富良野
北海道,南富良野町,665.54,99.83,富良野
北海道,占冠村,571.41,52.71,富良野
北海道,富良野市,600.71,197.51,富良野
北海道,ニセコ町,197.13,52.8,後志
北海道,京極町,231.49,37.61,後志
北海道,仁木町,167.96,40.69,後志
北海道,余市町,140.62,47.52,後志
北海道,倶知安町,261.34,71.05,後志
北海道,共和町,304.92,101.86,後志
北海道,古平町,188.36,26.74,後志
北海道,喜茂別町,189.41,35.38,後志
北海道,寿都町,95.25,19.71,後志
北海道,小樽市,243.87,85.32,後志
北海道,岩内町,70.6,13.84,後志
北海道,島牧村,437.18,69.51,後志
北海道,泊村,82.27,5.44,後志
北海道,留寿都村,119.84,47.31,後志
北海道,真狩村,114.25,36.96,後志
北海道,神恵内村,147.79,9.72,後志
北海道,積丹町,238.13,51.14,後志
北海道,蘭越町,449.78,94.78,後志
北海道,赤井川村,280.09,17.15,後志
北海道,黒松内町,345.65,65.75,後志
北海道,えりも町,284.0,44.73,日高
北海道,平取町,743.09,128.97,日高
北海道,新ひだか町,1147.55,232.44,日高
北海道,新冠町,585.71,157.39,日高
北海道,日高町,992.07,232.56,日高
北海道,様似町,364.3,30.56,日高
北海道,浦河町,694.3,129.56,日高
北海道,中央区,46.42,26.03,札幌
北海道,北区,63.57,63.19,札幌
北海道,北広島市,119.05,74.76,札幌
北海道,千歳市,594.5,197.54,札幌
北海道,南区,657.48,112.87,札幌
北海道,厚別区,24.38,22.81,札幌
北海道,当別町,422.86,158.08,札幌
北海道,恵庭市,294.65,97.93,札幌
北海道,手稲区,56.77,35.02,札幌
北海道,新篠津村,78.04,75.96,札幌
北海道,東区,56.97,56.93,札幌
北海道,江別市,187.38,168.19,札幌
北海道,清田区,59.87,29.46,札幌
北海道,白石区,34.47,34.41,札幌
北海道,石狩市,722.33,198.4,札幌
北海道,西区,75.1,30.23,札幌
北海道,豊平区,46.23,27.84,札幌
北海道,むかわ町,711.36,146.75,東胆振
北海道,厚真町,405.38,106.8,東胆振
北海道,安平町,237.16,132.02,東胆振
北海道,白老町,425.63,76.17,東胆振
北海道,苫小牧市,561.66,231.37,東胆振
北海道,中標津町,684.87,358.34,根室
北海道,別海町,1317.17,803.01,根室
北海道,根室市,407.81,205.71,根室
北海道,標津町,624.69,212.47,根室
北海道,羅臼町,397.72,118.05,根室
北海道,初山別村,279.52,51.3,留萌
北海道,増毛町,369.72,47.8,留萌
北海道,天塩町,353.56,162.45,留萌
北海道,小平町,627.22,76.73,留萌
北海道,留萌市,297.81,32.91,留萌
北海道,羽幌町,472.65,90.14,留萌
北海道,苫前町,454.6,91.22,留萌
北海道,遠別町,590.8,97.75,留萌
北海道,伊達市,444.21,130.75,西胆振
北海道,壮瞥町,205.01,44.04,西胆振
北海道,室蘭市,81.01,43.31,西胆振
北海道,洞爺湖町,180.87,56.3,西胆振
北海道,登別市,212.21,38.53,西胆振
北海道,豊浦町,233.57,54.15,西胆振
北海道,佐呂間町,404.94,122.71,遠紋
北海道,湧別町,505.79,186.26,遠紋
北海道,滝上町,766.89,99.14,遠紋
北海道,紋別市,830.67,177.77,遠紋
北海道,興部町,362.55,83.35,遠紋
北海道,西興部村,308.08,33.28,遠紋
北海道,遠軽町,1332.45,205.27,遠紋
北海道,雄武町,636.88,157.05,遠紋
北海道,厚岸町,739.12,194.13,釧路
北海道,弟子屈町,774.33,159.1,釧路
北海道,標茶町,1099.37,366.52,釧路
北海道,浜中町,423.12,194.01,釧路
北海道,白糠町,773.13,103.74,釧路
北海道,釧路市,1363.26,311.65,釧路
北海道,釧路町,252.04,46.09,釧路
北海道,鶴居村,571.8,121.0,釧路
千葉県,中央区,44.71,41.39,千葉
千葉県,稲毛区,21.22,20.3,千葉
千葉県,緑区,66.25,45.55,千葉
千葉県,美浜区,21.2,21.2,千葉
千葉県,花見川区,34.19,30.07,千葉
千葉県,若葉区,84.19,56.89,千葉
千葉県,佐倉市,103.69,82.3,印旛
千葉県,八街市,74.94,63.47,印旛
千葉県,印西市,123.79,94.48,印旛
千葉県,四街道市,34.52,28.07,印旛
千葉県,富里市,53.88,46.18,印旛
千葉県,成田市,213.84,160.67,印旛
千葉県,栄町,32.51,29.14,印旛
千葉県,白井市,35.48,30.46,印旛
千葉県,酒々井町,19.01,14.36,印旛
千葉県,君津市,318.78,113.2,君津
千葉県,富津市,205.4,83.17,君津
千葉県,木更津市,138.9,96.95,君津
千葉県,袖ケ浦市,94.82,74.34,君津
千葉県,南房総市,229.55,106.47,安房
千葉県,鋸南町,45.17,18.41,安房
千葉県,館山市,110.05,62.29,安房
千葉県,鴨川市,191.14,64.38,安房
千葉県,いすみ市,157.5,90.99,山武長生夷隅
千葉県,一宮町,22.97,16.69,山武長生夷隅
千葉県,九十九里町,24.44,22.9,山武長生夷隅
千葉県,勝浦市,93.96,30.84,山武長生夷隅
千葉県,大多喜町,129.87,40.61,山武長生夷隅
千葉県,大網白里市,58.08,49.56,山武長生夷隅
千葉県,山武市,146.77,107.3,山武長生夷隅
千葉県,御宿町,24.85,11.26,山武長生夷隅
千葉県,東金市,89.12,73.13,山武長生夷隅
千葉県,横芝光町,67.01,57.56,山武長生夷隅
千葉県,白子町,27.5,25.85,山武長生夷隅
千葉県,睦沢町,35.59,21.74,山武長生夷隅
千葉県,芝山町,43.24,30.85,山武長生夷隅
千葉県,茂原市,99.92,83.69,山武長生夷隅
千葉県,長南町,65.51,35.68,山武長生夷隅
千葉県,長柄町,47.11,28.82,山武長生夷隅
千葉県,長生村,28.25,26.77,山武長生夷隅
千葉県,市原市,368.16,229.94,市原
千葉県,我孫子市,43.15,40.05,東葛北部
千葉県,松戸市,61.38,59.54,東葛北部
千葉県,柏市,114.74,102.96,東葛北部
千葉県,流山市,35.32,32.73,東葛北部
千葉県,野田市,103.55,96.13,東葛北部
千葉県,八千代市,51.39,46.27,東葛南部
千葉県,市川市,57.44,56.21,東葛南部
千葉県,浦安市,17.25,17.25,東葛南部
千葉県,習志野市,20.97,20.84,東葛南部
千葉県,船橋市,85.62,81.4,東葛南部
千葉県,鎌ケ谷市,21.08,19.83,東葛南部
千葉県,匝瑳市,101.48,86.61,香取海匝
千葉県,多古町,72.8,52.14,香取海匝
千葉県,旭市,130.47,117.91,香取海匝
千葉県,東庄町,46.25,39.52,香取海匝
千葉県,神崎町,19.9,15.81,香取海匝
千葉県,銚子市,84.12,69.59,香取海匝
千葉県,香取市,262.35,209.91,香取海匝
和歌山県,和歌山市,208.85,143.37,和歌山
和歌山県,海南市,101.06,62.18,和歌山
和歌山県,紀美野町,128.34,31.76,和歌山
和歌山県,印南町,113.62,33.54,御坊
和歌山県,御坊市,43.91,28.23,御坊
和歌山県,日高川町,331.59,45.17,御坊
和歌山県,日高町,46.21,15.7,御坊
和歌山県,由良町,30.93,11.51,御坊
和歌山県,美浜町,12.77,6.85,御坊
和歌山県,串本町,135.67,22.16,新宮
和歌山県,北山村,48.2,3.74,新宮
和歌山県,古座川町,294.23,12.23,新宮
和歌山県,太地町,5.81,2.5,新宮
和歌山県,新宮市,255.23,24.13,新宮
和歌山県,那智勝浦町,183.3,20.33,新宮
和歌山県,広川町,65.35,17.04,有田
和歌山県,有田川町,351.84,81.62,有田
和歌山県,有田市,36.83,30.25,有田
和歌山県,湯浅町,20.8,13.6,有田
和歌山県,かつらぎ町,151.69,52.6,橋本
和歌山県,九度山町,44.15,11.7,橋本
和歌山県,橋本市,130.55,58.03,橋本
和歌山県,高野町,137.03,8.73,橋本
和歌山県,すさみ町,174.45,12.56,田辺
和歌山県,みなべ町,120.28,43.42,田辺
和歌山県,上富田町,57.37,21.22,田辺
和歌山県,田辺市,1026.89,124.02,田辺
和歌山県,白浜町,200.99,39.05,田辺
和歌山県,岩出市,38.51,23.85,那賀
和歌山県,紀の川市,228.21,122.27,那賀
埼玉県,中央区,8.39,8.39,さいたま
埼玉県,北区,16.86,16.85,さいたま
埼玉県,南区,13.82,13.81,さいたま
埼玉県,大宮区,12.8,12.78,さいたま
埼玉県,岩槻区,49.17,48.29,さいたま
埼玉県,桜区,18.64,18.41,さいたま
埼玉県,浦和区,11.51,11.47,さいたま
埼玉県,緑区,26.44,25.55,さいたま
埼玉県,西区,29.12,28.79,さいたま
埼玉県,見沼区,30.69,30.25,さいたま
埼玉県,久喜市,82.41,82.29,利根
埼玉県,加須市,133.3,133.18,利根
埼玉県,宮代町,15.95,15.78,利根
埼玉県,幸手市,33.93,33.92,利根
埼玉県,杉戸町,30.03,29.99,利根
埼玉県,白岡市,24.92,24.69,利根
埼玉県,羽生市,58.64,58.51,利根
埼玉県,蓮田市,27.28,26.23,利根
埼玉県,行田市,67.49,67.34,利根
埼玉県,上里町,29.18,29.12,北部
埼玉県,寄居町,64.25,41.19,北部
埼玉県,本庄市,89.69,65.54,北部
埼玉県,深谷市,138.37,135.1,北部
埼玉県,熊谷市,159.82,155.53,北部
埼玉県,神川町,47.4,26.78,北部
埼玉県,美里町,33.41,25.82,北部
埼玉県,ふじみ野市,14.64,14.32,南西部
埼玉県,三芳町,15.33,13.95,南西部
埼玉県,和光市,11.04,11.01,南西部
埼玉県,富士見市,19.77,19.63,南西部
埼玉県,志木市,9.05,9.05,南西部
埼玉県,新座市,22.78,21.7,南西部
埼玉県,朝霞市,18.34,18.05,南西部
埼玉県,川口市,61.95,61.39,南部
埼玉県,戸田市,18.19,18.19,南部
埼玉県,蕨市,5.11,5.11,南部
埼玉県,ときがわ町,55.9,17.03,川越比企
埼玉県,吉見町,38.64,36.48,川越比企
埼玉県,坂戸市,41.02,40.35,川越比企
埼玉県,小川町,60.36,27.88,川越比企
埼玉県,嵐山町,29.92,20.79,川越比企
埼玉県,川島町,41.63,41.63,川越比企
埼玉県,川越市,109.13,106.27,川越比企
埼玉県,東松山市,65.35,61.37,川越比企
埼玉県,東秩父村,37.06,7.51,川越比企
埼玉県,毛呂山町,34.07,19.67,川越比企
埼玉県,滑川町,29.68,21.76,川越比企
埼玉県,越生町,40.39,13.22,川越比企
埼玉県,鳩山町,25.73,16.62,川越比企
埼玉県,鶴ヶ島市,17.65,16.94,川越比企
埼玉県,三郷市,30.13,30.13,東部
埼玉県,八潮市,18.02,18.02,東部
埼玉県,吉川市,31.66,31.62,東部
埼玉県,春日部市,66.0,65.64,東部
埼玉県,松伏町,16.2,16.18,東部
埼玉県,草加市,27.46,27.46,東部
埼玉県,越谷市,60.24,60.12,東部
埼玉県,上尾市,45.51,44.13,県央
埼玉県,伊奈町,14.79,14.24,県央
埼玉県,北本市,19.82,19.33,県央
埼玉県,桶川市,25.35,24.71,県央
埼玉県,鴻巣市,67.44,67.32,県央
埼玉県,小鹿野町,171.26,29.86,秩父
埼玉県,横瀬町,49.36,9.01,秩父
埼玉県,皆野町,63.74,18.07,秩父
埼玉県,秩父市,577.83,79.32,秩父
埼玉県,長瀞町,30.43,8.99,秩父
埼玉県,入間市,44.69,37.95,西部
埼玉県,所沢市,72.11,66.22,西部
埼玉県,日高市,47.48,36.2,西部
埼玉県,狭山市,48.99,45.5,西部
埼玉県,飯能市,193.05,47.6,西部
大分県,大分市,502.39,245.87,中部
大分県,津久見市,79.48,29.98,中部
大分県,由布市,319.32,89.91,中部
大分県,臼杵市,291.2,84.81,中部
大分県,中津市,491.44,112.12,北部
大分県,宇佐市,439.05,175.58,北部
大分県,豊後高田市,206.24,88.31,北部
大分県,佐伯市,903.14,120.54,南部
大分県,別府市,125.34,43.86,東部
大分県,国東市,318.1,121.63,東部
大分県,姫島村,6.99,4.45,東部
大分県,日出町,73.26,41.94,東部
大分県,杵築市,280.08,115.28,東部
大分県,九重町,271.37,58.87,西部
大分県,日田市,666.03,115.7,西部
大分県,玖珠町,286.6,45.04,西部
大分県,竹田市,477.53,143.32,豊肥
大分県,豊後大野市,603.14,157.84,豊肥
大阪府,島本町,16.81,6.76,三島
大阪府,摂津市,14.87,14.87,三島
大阪府,茨木市,76.49,49.2,三島
大阪府,高槻市,105.29,55.8,三島
大阪府,八尾市,41.72,36.9,中河内
大阪府,東大阪市,61.78,51.7,中河内
大阪府,柏原市,25.33,17.99,中河内
大阪府,交野市,25.55,15.94,北河内
大阪府,四條畷市,18.69,11.35,北河内
大阪府,大東市,18.27,15.45,北河内
大阪府,守口市,12.71,12.71,北河内
大阪府,寝屋川市,24.7,23.9,北河内
大阪府,枚方市,65.12,57.98,北河内
大阪府,門真市,12.3,12.3,北河内
大阪府,千早赤阪村,37.3,7.21,南河内
大阪府,大阪狭山市,11.92,11.63,南河内
大阪府,太子町,14.17,8.99,南河内
大阪府,富田林市,39.72,36.73,南河内
大阪府,松原市,16.66,16.66,南河内
大阪府,河内長野市,109.63,34.42,南河内
大阪府,河南町,25.26,13.21,南河内
大阪府,羽曳野市,26.45,23.98,南河内
大阪府,藤井寺市,8.89,8.89,南河内
大阪府,中区,17.88,17.88,堺市
大阪府,北区,15.6,15.6,堺市
大阪府,南区,40.39,36.45,堺市
大阪府,堺区,23.66,23.66,堺市
大阪府,東区,10.49,10.49,堺市
大阪府,美原区,13.2,13.19,堺市
大阪府,西区,28.62,28.62,堺市
大阪府,中央区,8.87,8.87,大阪市
大阪府,住之江区,20.68,20.68,大阪市
大阪府,住吉区,9.4,9.4,大阪市
大阪府,北区,10.34,10.34,大阪市
大阪府,城東区,8.38,8.38,大阪市
大阪府,大正区,9.43,9.43,大阪市
大阪府,天王寺区,4.84,4.84,大阪市
大阪府,平野区,15.28,15.28,大阪市
大阪府,旭区,6.32,6.32,大阪市
大阪府,東住吉区,9.75,9.75,大阪市
大阪府,東成区,4.54,4.54,大阪市
大阪府,東淀川区,13.27,13.27,大阪市
大阪府,此花区,19.3,19.3,大阪市
大阪府,浪速区,4.39,4.39,大阪市
大阪府,淀川区,12.64,12.64,大阪市
大阪府,港区,7.86,7.86,大阪市
大阪府,生野区,8.37,8.37,大阪市
大阪府,福島区,4.67,4.67,大阪市
大阪府,西区,5.21,5.21,大阪市
大阪府,西成区,7.37,7.37,大阪市
大阪府,西淀川区,14.21,14.21,大阪市
大阪府,都島区,6.08,6.08,大阪市
大阪府,阿倍野区,5.98,5.98,大阪市
大阪府,鶴見区,8.17,8.17,大阪市
大阪府,和泉市,84.98,51.68,泉州
大阪府,岬町,49.18,13.92,泉州
大阪府,岸和田市,72.72,53.3,泉州
大阪府,忠岡町,3.97,3.97,泉州
大阪府,泉佐野市,56.51,36.56,泉州
大阪府,泉南市,48.98,26.59,泉州
大阪府,泉大津市,14.33,14.33,泉州
大阪府,熊取町,17.24,12.49,泉州
大阪府,田尻町,5.62,5.62,泉州
大阪府,貝塚市,43.93,26.18,泉州
大阪府,阪南市,36.17,17.42,泉州
大阪府,高石市,11.3,11.3,泉州
大阪府,吹田市,36.09,35.71,豊能
大阪府,池田市,22.14,16.62,豊能
大阪府,箕面市,47.9,22.74,豊能
大阪府,能勢町,98.75,21.35,豊能
大阪府,豊中市,36.39,36.37,豊能
大阪府,豊能町,34.34,12.13,豊能
奈良県,大和高田市,16.48,16.48,中和
奈良県,広陵町,16.3,16.07,中和
奈良県,御所市,60.58,29.9,中和
奈良県,明日香村,24.1,10.58,中和
奈良県,橿原市,39.56,37.44,中和
奈良県,葛城市,33.72,20.49,中和
奈良県,香芝市,24.26,18.36,中和
奈良県,高取町,25.79,8.99,中和
奈良県,上北山村,274.22,8.27,南和
奈良県,下北山村,133.39,9.72,南和
奈良県,下市町,61.99,12.89,南和
奈良県,五條市,292.02,75.09,南和
奈良県,十津川村,672.38,27.67,南和
奈良県,吉野町,95.65,16.61,南和
奈良県,大淀町,38.1,18.46,南和
奈良県,天川村,175.66,4.85,南和
奈良県,川上村,269.26,13.52,南和
奈良県,東吉野村,131.65,5.63,南和
奈良県,野迫川村,154.9,2.64,南和
奈良県,黒滝村,47.7,1.6,南和
奈良県,奈良市,276.94,144.54,奈良
奈良県,三宅町,4.06,4.06,東和
奈良県,天理市,86.42,53.27,東和
奈良県,宇陀市,247.5,64.25,東和
奈良県,山添村,66.52,25.21,東和
奈良県,川西町,5.93,5.93,東和
奈良県,御杖村,79.58,9.46,東和
奈良県,曽爾村,47.76,6.48,東和
奈良県,桜井市,98.91,39.34,東和
奈良県,田原本町,21.09,21.09,東和
奈良県,三郷町,8.79,5.93,西和
奈良県,上牧町,6.14,5.17,西和
奈良県,大和郡山市,42.69,38.79,西和
奈良県,安堵町,4.31,4.31,西和
奈良県,平群町,23.9,12.62,西和
奈良県,斑鳩町,14.27,10.81,西和
奈良県,河合町,8.23,7.84,西和
奈良県,王寺町,7.01,5.29,西和
奈良県,生駒市,53.15,34.21,西和
宮城県,七ヶ宿町,263.09,31.24,仙南
宮城県,丸森町,273.3,81.52,仙南
宮城県,大河原町,24.99,17.84,仙南
宮城県,川崎町,270.77,63.52,仙南
宮城県,村田町,78.38,36.88,仙南
宮城県,柴田町,54.03,35.16,仙南
宮城県,白石市,286.48,92.33,仙南
宮城県,蔵王町,152.83,67.65,仙南
宮城県,角田市,147.53,91.28,仙南
宮城県,七ヶ浜町,13.19,11.25,仙台
宮城県,亘理町,73.6,62.03,仙台
宮城県,利府町,44.89,23.48,仙台
宮城県,名取市,98.18,73.16,仙台
宮城県,塩竈市,17.38,14.94,仙台
宮城県,多賀城市,19.69,19.18,仙台
宮城県,大和町,225.49,65.4,仙台
宮城県,大衡村,60.32,32.1,仙台
宮城県,大郷町,82.01,45.44,仙台
宮城県,太白区,228.39,72.29,仙台
宮城県,宮城野区,58.25,54.55,仙台
宮城県,富谷市,49.18,28.53,仙台
宮城県,山元町,64.58,44.67,仙台
宮城県,岩沼市,60.45,47.9,仙台
宮城県,松島町,53.56,25.88,仙台
宮城県,泉区,146.61,73.67,仙台
宮城県,若林区,50.86,48.76,仙台
宮城県,青葉区,302.24,97.54,仙台
宮城県,加美町,460.67,131.81,大崎・栗原
宮城県,大崎市,796.81,375.63,大崎・栗原
宮城県,栗原市,805.0,371.12,大崎・栗原
宮城県,涌谷町,82.16,59.52,大崎・栗原
宮城県,美里町,74.99,74.85,大崎・栗原
宮城県,色麻町,109.28,46.66,大崎・栗原
宮城県,南三陸町,163.4,38.45,石巻・登米・気仙沼
宮城県,女川町,65.35,10.91,石巻・登米・気仙沼
宮城県,東松島市,101.3,73.73,石巻・登米・気仙沼
宮城県,気仙沼市,332.44,93.08,石巻・登米・気仙沼
宮城県,登米市,536.09,307.95,石巻・登米・気仙沼
宮城県,石巻市,554.55,244.12,石巻・登米・気仙沼
宮崎県,国富町,130.63,53.54,宮崎東諸県
宮崎県,宮崎市,643.57,297.48,宮崎東諸県
宮崎県,綾町,95.19,19.71,宮崎東諸県
宮崎県,五ヶ瀬町,171.73,20.45,延岡西臼杵
宮崎県,延岡市,868.02,132.46,延岡西臼杵
宮崎県,日之影町,277.67,25.44,延岡西臼杵
宮崎県,高千穂町,237.54,40.21,延岡西臼杵
宮崎県,串間市,294.92,66.9,日南串間
宮崎県,日南市,535.49,109.55,日南串間
宮崎県,日向市,336.89,79.99,日向入郷
宮崎県,椎葉村,537.29,31.88,日向入郷
宮崎県,美郷町,448.84,53.22,日向入郷
宮崎県,諸塚村,187.56,14.57,日向入郷
宮崎県,門川町,120.4,20.94,日向入郷
宮崎県,えびの市,282.93,74.97,西諸
宮崎県,小林市,562.95,146.83,西諸
宮崎県,高原町,85.39,44.31,西諸
宮崎県,川南町,90.13,58.2,西都児湯
宮崎県,新富町,61.48,49.22,西都児湯
宮崎県,木城町,145.96,25.73,西都児湯
宮崎県,西米良村,271.51,14.32,西都児湯
宮崎県,西都市,438.79,103.04,西都児湯
宮崎県,都農町,102.11,33.57,西都児湯
宮崎県,高鍋町,43.8,36.32,西都児湯
宮崎県,三股町,110.02,31.34,都城北諸県
宮崎県,都城市,653.36,290.9,都城北諸県
富山県,上市町,236.71,66.45,富山
富山県,富山市,1241.7,471.1,富山
富山県,滑川市,54.62,47.61,富山
富山県,立山町,307.29,161.61,富山
富山県,舟橋村,3.47,3.47,富山
富山県,入善町,71.25,61.91,新川
富山県,朝日町,226.3,75.76,新川
富山県,魚津市,200.61,76.81,新川
富山県,黒部市,426.31,219.84,新川
富山県,南砺市,668.64,154.51,砺波
富山県,小矢部市,134.07,74.91,砺波
富山県,砺波市,127.03,92.41,砺波
富山県,射水市,109.44,97.56,高岡
富山県,氷見市,230.54,95.68,高岡
富山県,高岡市,209.58,142.62,高岡
山口県,下関市,716.28,242.92,下関
山口県,下松市,89.34,35.6,周南
山口県,光市,92.13,43.24,周南
山口県,周南市,656.29,145.84,周南
山口県,宇部市,287.05,137.28,宇部・小野田
山口県,山陽小野田市,133.09,71.15,宇部・小野田
山口県,美祢市,472.64,112.17,宇部・小野田
山口県,山口市,1023.22,249.35,山口・防府
山口県,防府市,189.37,91.89,山口・防府
山口県,和木町,10.58,4.46,岩国
山口県,岩国市,873.67,161.87,岩国
山口県,上関町,34.69,12.48,柳井
山口県,周防大島町,138.1,67.48,柳井
山口県,平生町,34.54,18.56,柳井
山口県,柳井市,140.03,58.56,柳井
山口県,田布施町,50.42,24.53,柳井
山口県,萩市,698.31,131.51,萩
山口県,阿武町,115.95,18.11,萩
山口県,長門市,357.31,88.63,長門
山形県,三川町,33.22,33.22,庄内
山形県,庄内町,249.17,110.65,庄内
山形県,遊佐町,208.39,96.88,庄内
山形県,酒田市,602.98,242.04,庄内
山形県,鶴岡市,1311.51,400.66,庄内
山形県,大蔵村,211.64,32.49,最上
山形県,戸沢村,261.31,46.08,最上
山形県,新庄市,222.85,94.53,最上
山形県,最上町,330.37,64.8,最上
山形県,真室川町,374.22,51.59,最上
山形県,舟形町,119.03,34.71,最上
山形県,金山町,161.67,36.35,最上
山形県,鮭川村,122.14,41.8,最上
山形県,上山市,240.93,78.46,村山
山形県,中山町,31.15,21.14,村山
山形県,大江町,154.08,29.07,村山
山形県,大石田町,79.54,37.84,村山
山形県,天童市,113.02,75.35,村山
山形県,寒河江市,139.03,69.73,村山
山形県,尾花沢市,372.53,113.4,村山
山形県,山形市,381.3,172.46,村山
山形県,山辺町,61.45,29.75,村山
山形県,朝日町,196.81,55.73,村山
山形県,村山市,196.98,88.81,村山
山形県,東根市,206.94,74.68,村山
山形県,河北町,52.45,38.22,村山
山形県,西川町,393.19,73.37,村山
山形県,南陽市,160.52,64.35,置賜
山形県,小国町,737.56,78.62,置賜
山形県,川西町,166.6,86.46,置賜
山形県,白鷹町,157.71,57.02,置賜
山形県,米沢市,548.51,133.01,置賜
山形県,長井市,214.67,79.11,置賜
山形県,飯豊町,329.41,54.25,置賜
山形県,高畠町,180.26,76.65,置賜
山梨県,中央市,31.69,26.17,中北
山梨県,北杜市,602.48,143.66,中北
山梨県,南アルプス市,264.14,70.84,中北
山梨県,昭和町,9.08,9.08,中北
山梨県,甲府市,212.47,76.47,中北
山梨県,甲斐市,71.95,40.43,中北
山梨県,韮崎市,143.69,51.03,中北
山梨県,上野原市,170.57,30.81,富士・東部
山梨県,丹波山村,101.3,2.62,富士・東部
山梨県,大月市,280.25,37.48,富士・東部
山梨県,富士吉田市,121.74,18.04,富士・東部
山梨県,富士河口湖町,158.4,35.85,富士・東部
山梨県,小菅村,52.78,3.23,富士・東部
山梨県,山中湖村,53.05,13.8,富士・東部
山梨県,忍野村,25.05,9.9,富士・東部
山梨県,西桂町,15.22,2.25,富士・東部
山梨県,道志村,79.68,4.96,富士・東部
山梨県,都留市,161.63,25.28,富士・東部
山梨県,鳴沢村,89.58,12.16,富士・東部
山梨県,南部町,200.87,25.58,峡南
山梨県,富士川町,112.0,20.05,峡南
山梨県,市川三郷町,75.18,27.49,峡南
山梨県,早川町,369.96,17.58,峡南
山梨県,身延町,301.98,58.89,峡南
山梨県,山梨市,289.8,52.67,峡東
山梨県,甲州市,264.11,53.03,峡東
山梨県,笛吹市,201.92,83.72,峡東
岐阜県,七宗町,90.47,8.93,中濃
岐阜県,八百津町,128.79,26.15,中濃
岐阜県,可児市,87.57,54.16,中濃
岐阜県,坂祝町,12.87,8.24,中濃
岐阜県,富加町,16.82,10.38,中濃
岐阜県,川辺町,41.16,12.57,中濃
岐阜県,御嵩町,56.69,23.21,中濃
岐阜県,東白川村,87.09,9.02,中濃
岐阜県,白川町,237.9,28.06,中濃
岐阜県,美濃加茂市,74.81,45.34,中濃
岐阜県,美濃市,117.01,24.88,中濃
岐阜県,郡上市,1030.75,108.8,中濃
岐阜県,関市,472.33,90.2,中濃
岐阜県,北方町,5.18,5.18,岐阜
岐阜県,各務原市,87.81,70.2,岐阜
岐阜県,山県市,221.98,36.1,岐阜
岐阜県,岐南町,7.91,7.91,岐阜
岐阜県,岐阜市,203.6,143.27,岐阜
岐阜県,本巣市,374.65,55.93,岐阜
岐阜県,瑞穂市,28.19,28.19,岐阜
岐阜県,笠松町,10.3,10.3,岐阜
岐阜県,羽島市,53.66,53.66,岐阜
岐阜県,中津川市,676.45,144.89,東濃
岐阜県,土岐市,116.02,40.24,東濃
岐阜県,多治見市,91.25,47.02,東濃
岐阜県,恵那市,504.24,114.68,東濃
岐阜県,瑞浪市,174.86,52.43,東濃
岐阜県,垂井町,57.09,24.22,西濃
岐阜県,大垣市,206.57,97.81,西濃
岐阜県,大野町,34.2,28.68,西濃
岐阜県,安八町,18.16,18.16,西濃
岐阜県,揖斐川町,803.44,72.85,西濃
岐阜県,池田町,38.8,23.21,西濃
岐阜県,海津市,112.03,81.72,西濃
岐阜県,神戸町,18.78,18.78,西濃
岐阜県,輪之内町,22.33,22.33,西濃
岐阜県,関ケ原町,49.28,11.27,西濃
岐阜県,養老町,72.29,53.99,西濃
岐阜県,下呂市,851.21,86.01,飛騨
岐阜県,白川村,356.64,78.15,飛騨
岐阜県,飛騨市,792.53,59.25,飛騨
岐阜県,高山市,2177.61,274.29,飛騨
岡山県,久米南町,78.65,23.63,津山・英田
岡山県,勝央町,54.05,30.72,津山・英田
岡山県,奈義町,69.52,20.22,津山・英田
岡山県,津山市,506.33,152.41,津山・英田
岡山県,美作市,429.29,98.99,津山・英田
岡山県,美咲町,232.17,60.21,津山・英田
岡山県,西粟倉村,57.97,4.18,津山・英田
岡山県,鏡野町,419.68,52.53,津山・英田
岡山県,中区,51.24,42.17,県南東部
岡山県,備前市,258.13,47.79,県南東部
岡山県,北区,450.7,185.5,県南東部
岡山県,南区,127.48,105.47,県南東部
岡山県,吉備中央町,268.78,73.4,県南東部
岡山県,和気町,144.21,34.97,県南東部
岡山県,東区,160.53,107.97,県南東部
岡山県,瀬戸内市,125.46,68.86,県南東部
岡山県,玉野市,103.44,44.36,県南東部
岡山県,赤磐市,209.36,76.74,県南東部
岡山県,井原市,243.54,84.38,県南西部
岡山県,倉敷市,356.07,256.85,県南西部
岡山県,早島町,7.62,6.7,県南西部
岡山県,浅口市,66.46,37.0,県南西部
岡山県,矢掛町,90.62,32.52,県南西部
岡山県,笠岡市,136.07,84.43,県南西部
岡山県,総社市,211.9,78.62,県南西部
岡山県,里庄町,12.23,8.38,県南西部
岡山県,新庄村,67.11,6.16,真庭
岡山県,真庭市,828.53,174.32,真庭
岡山県,新見市,793.29,102.86,高梁・新見
岡山県,高梁市,546.99,119.02,高梁・新見
岩手県,一関市,1256.42,481.21,両磐
岩手県,平泉町,63.39,32.71,両磐
岩手県,久慈市,623.5,90.22,久慈
岩手県,普代村,69.66,8.24,久慈
岩手県,洋野町,302.92,66.1,久慈
岩手県,野田村,80.8,11.44,久慈
岩手県,一戸町,300.03,82.89,二戸
岩手県,九戸村,134.02,33.59,二戸
岩手県,二戸市,420.42,110.27,二戸
岩手県,軽米町,245.82,58.88,二戸
岩手県,宮古市,1259.18,118.5,宮古
岩手県,山田町,262.81,26.67,宮古
岩手県,岩泉町,992.36,76.99,宮古
岩手県,田野畑村,156.19,21.97,宮古
岩手県,北上市,437.55,204.23,岩手中部
岩手県,花巻市,908.39,323.69,岩手中部
岩手県,西和賀町,590.74,108.43,岩手中部
岩手県,遠野市,825.97,142.19,岩手中部
岩手県,住田町,334.84,35.12,気仙
岩手県,大船渡市,322.51,54.61,気仙
岩手県,陸前高田市,231.94,46.78,気仙
岩手県,八幡平市,862.3,204.45,盛岡
岩手県,岩手町,360.46,90.03,盛岡
岩手県,滝沢市,182.46,92.67,盛岡
岩手県,盛岡市,886.47,242.68,盛岡
岩手県,矢巾町,67.32,51.57,盛岡
岩手県,紫波町,238.98,102.02,盛岡
岩手県,葛巻町,434.96,67.44,盛岡
岩手県,雫石町,608.82,129.97,盛岡
岩手県,奥州市,993.3,450.59,胆江
岩手県,金ケ崎町,179.76,109.19,胆江
岩手県,大槌町,200.42,24.72,釜石
岩手県,釜石市,440.35,51.36,釜石
島根県,出雲市,624.32,228.56,出雲
島根県,大田市,435.34,99.17,大田
島根県,川本町,106.43,16.77,大田
島根県,美郷町,282.92,31.64,大田
島根県,邑南町,419.29,56.88,大田
島根県,安来市,420.93,98.13,松江
島根県,松江市,572.96,160.0,松江
島根県,江津市,268.24,56.37,浜田
島根県,浜田市,690.64,116.58,浜田
島根県,吉賀町,336.5,26.1,益田
島根県,津和野町,307.03,26.64,益田
島根県,益田市,733.19,99.6,益田
島根県,海士町,33.44,7.77,隠岐
島根県,知夫村,13.7,2.63,隠岐
島根県,西ノ島町,55.97,5.84,隠岐
島根県,隠岐の島町,242.62,32.25,隠岐
島根県,奥出雲町,368.01,61.05,雲南
島根県,雲南市,553.18,112.35,雲南
島根県,飯南町,242.88,32.1,雲南
広島県,三次市,778.18,188.21,備北
広島県,庄原市,1246.49,189.02,備北
広島県,呉市,352.04,146.56,呉
広島県,江田島市,100.65,44.44,呉
広島県,三原市,471.51,154.77,尾三
広島県,世羅町,278.14,85.69,尾三
広島県,尾道市,284.89,140.35,尾三
広島県,中区,15.32,15.22,広島
広島県,佐伯区,225.43,48.33,広島
広島県,北広島町,646.2,110.15,広島
広島県,南区,26.46,23.28,広島
広島県,坂町,15.69,7.86,広島
広島県,安佐北区,353.33,85.86,広島
広島県,安佐南区,117.03,47.9,広島
広島県,安芸区,94.08,26.82,広島
広島県,安芸太田町,341.89,40.35,広島
広島県,安芸高田市,537.71,110.75,広島
広島県,府中町,10.41,5.93,広島
広島県,東区,39.42,18.18,広島
広島県,海田町,13.79,7.19,広島
広島県,熊野町,33.76,12.39,広島
広島県,西区,35.61,29.4,広島
広島県,大崎上島町,43.11,27.7,広島中央
広島県,東広島市,635.15,236.51,広島中央
広島県,竹原市,118.23,35.54,広島中央
広島県,大竹市,78.66,20.11,広島西
広島県,廿日市市,489.49,66.49,広島西
広島県,府中市,195.75,45.68,福山・府中
広島県,神石高原町,381.98,71.23,福山・府中
広島県,福山市,517.72,255.29,福山・府中
徳島県,上勝町,109.63,12.72,南部
徳島県,勝浦町,69.83,22.59,南部
徳島県,小松島市,45.37,38.8,南部
徳島県,海陽町,327.67,28.86,南部
徳島県,牟岐町,56.62,7.69,南部
徳島県,美波町,140.74,16.01,南部
徳島県,那賀町,694.98,37.64,南部
徳島県,阿南市,279.25,129.66,南部
徳島県,上板町,34.58,22.43,東部
徳島県,佐那河内村,42.28,13.19,東部
徳島県,北島町,8.74,8.74,東部
徳島県,吉野川市,144.14,61.62,東部
徳島県,徳島市,191.52,141.08,東部
徳島県,松茂町,14.34,14.3,東部
徳島県,板野町,36.22,19.63,東部
徳島県,石井町,28.85,25.71,東部
徳島県,神山町,173.3,24.58,東部
徳島県,藍住町,16.27,16.27,東部
徳島県,阿波市,191.11,90.67,東部
徳島県,鳴門市,135.66,64.68,東部
徳島県,つるぎ町,194.84,29.54,西部
徳島県,三好市,721.42,87.48,西部
徳島県,東みよし町,122.48,25.56,西部
徳島県,美馬市,367.14,76.82,西部
愛媛県,上島町,30.38,15.59,今治
愛媛県,今治市,419.21,196.23,今治
愛媛県,伊方町,93.83,46.32,八幡浜・大洲
愛媛県,八幡浜市,132.65,62.3,八幡浜・大洲
愛媛県,内子町,299.43,68.84,八幡浜・大洲
愛媛県,大洲市,432.12,116.97,八幡浜・大洲
愛媛県,西予市,514.34,116.98,八幡浜・大洲
愛媛県,宇和島市,468.16,136.51,宇和島
愛媛県,愛南町,238.94,56.37,宇和島
愛媛県,松野町,98.45,16.48,宇和島
愛媛県,鬼北町,241.88,36.0,宇和島
愛媛県,四国中央市,421.24,90.79,宇摩
愛媛県,新居浜市,234.47,63.55,新居浜・西条
愛媛県,西条市,510.04,159.18,新居浜・西条
愛媛県,久万高原町,583.69,62.43,松山
愛媛県,伊予市,194.43,79.55,松山
愛媛県,東温市,211.3,50.22,松山
愛媛県,松前町,20.38,20.38,松山
愛媛県,松山市,429.35,240.94,松山
愛媛県,砥部町,101.59,30.07,松山
愛知県,中区,9.38,9.38,名古屋・尾張中部
愛知県,中川区,32.02,32.02,名古屋・尾張中部
愛知県,中村区,16.3,16.3,名古屋・尾張中部
愛知県,北区,17.53,17.53,名古屋・尾張中部
愛知県,北名古屋市,18.37,18.37,名古屋・尾張中部
愛知県,千種区,18.18,17.25,名古屋・尾張中部
愛知県,南区,18.46,18.46,名古屋・尾張中部
愛知県,名東区,19.45,18.13,名古屋・尾張中部
愛知県,天白区,21.58,19.79,名古屋・尾張中部
愛知県,守山区,34.01,30.17,名古屋・尾張中部
愛知県,昭和区,10.94,10.8,名古屋・尾張中部
愛知県,東区,7.71,7.71,名古屋・尾張中部
愛知県,清須市,17.35,17.35,名古屋・尾張中部
愛知県,港区,45.64,45.64,名古屋・尾張中部
愛知県,熱田区,8.2,8.2,名古屋・尾張中部
愛知県,瑞穂区,11.22,11.18,名古屋・尾張中部
愛知県,緑区,37.91,36.36,名古屋・尾張中部
愛知県,西区,17.93,17.93,名古屋・尾張中部
愛知県,豊山町,6.18,6.18,名古屋・尾張中部
愛知県,大口町,13.61,13.61,尾張北部
愛知県,小牧市,62.81,56.06,尾張北部
愛知県,岩倉市,10.47,10.47,尾張北部
愛知県,扶桑町,11.19,11.19,尾張北部
愛知県,春日井市,92.78,75.81,尾張北部
愛知県,江南市,30.2,30.2,尾張北部
愛知県,犬山市,74.9,40.95,尾張北部
愛知県,尾張旭市,21.03,18.11,尾張東部
愛知県,日進市,34.91,28.61,尾張東部
愛知県,東郷町,18.03,16.74,尾張東部
愛知県,瀬戸市,111.4,48.77,尾張東部
愛知県,豊明市,23.22,22.13,尾張東部
愛知県,長久手市,21.55,17.46,尾張東部
愛知県,一宮市,113.82,113.82,尾張西部
愛知県,稲沢市,79.35,79.35,尾張西部
愛知県,新城市,499.23,85.55,東三河北部
愛知県,東栄町,123.38,11.31,東三河北部
愛知県,設楽町,273.94,27.38,東三河北部
愛知県,豊根村,155.88,10.8,東三河北部
愛知県,田原市,191.11,137.74,東三河南部
愛知県,蒲郡市,56.96,39.71,東三河南部
愛知県,豊川市,161.14,103.28,東三河南部
愛知県,豊橋市,262.0,219.8,東三河南部
愛知県,あま市,27.49,27.49,海部
愛知県,大治町,6.59,6.59,海部
愛知県,弥富市,49.26,49.17,海部
愛知県,愛西市,66.68,66.68,海部
愛知県,津島市,25.09,25.09,海部
愛知県,蟹江町,11.09,11.09,海部
愛知県,飛島村,22.43,22.43,海部
愛知県,半田市,47.42,46.11,知多半島
愛知県,南知多町,38.23,27.45,知多半島
愛知県,大府市,33.66,32.64,知多半島
愛知県,常滑市,55.9,51.49,知多半島
愛知県,東浦町,31.14,29.55,知多半島
愛知県,東海市,43.43,42.58,知多半島
愛知県,武豊町,26.37,23.94,知多半島
愛知県,知多市,45.9,43.47,知多半島
愛知県,美浜町,46.2,34.8,知多半島
愛知県,阿久比町,23.8,22.32,知多半島
愛知県,みよし市,32.19,30.68,西三河北部
愛知県,豊田市,918.32,293.65,西三河北部
愛知県,岡崎市,387.2,157.13,西三河南部東
愛知県,幸田町,56.72,32.51,西三河南部東
愛知県,刈谷市,50.39,49.9,西三河南部西
愛知県,安城市,86.05,86.05,西三河南部西
愛知県,知立市,16.31,16.31,西三河南部西
愛知県,碧南市,36.68,36.68,西三河南部西
愛知県,西尾市,161.22,136.32,西三河南部西
愛知県,高浜市,13.11,13.11,西三河南部西
新潟県,上越市,973.89,430.03,上越
新潟県,妙高市,445.63,123.83,上越
新潟県,糸魚川市,746.24,140.31,上越
新潟県,新発田市,533.11,253.82,下越
新潟県,村上市,1174.17,241.82,下越
新潟県,粟島浦村,9.78,1.38,下越
新潟県,聖籠町,37.57,35.52,下越
新潟県,胎内市,264.89,106.47,下越
新潟県,関川村,299.61,77.09,下越
新潟県,出雲崎町,44.41,13.89,中越
新潟県,刈羽村,26.27,15.26,中越
新潟県,小千谷市,155.19,90.18,中越
新潟県,柏崎市,442.02,154.25,中越
新潟県,見附市,77.91,49.98,中越
新潟県,長岡市,891.05,453.84,中越
新潟県,佐渡市,855.68,242.36,佐渡
新潟県,中央区,37.84,35.95,新潟
新潟県,五泉市,351.91,153.09,新潟
新潟県,北区,107.48,104.65,新潟
新潟県,南区,100.91,100.91,新潟
新潟県,東区,38.56,38.51,新潟
新潟県,江南区,75.42,75.42,新潟
新潟県,秋葉区,95.38,80.65,新潟
新潟県,西区,93.87,90.62,新潟
新潟県,西蒲区,176.53,143.57,新潟
新潟県,阿賀町,952.89,168.48,新潟
新潟県,阿賀野市,192.74,120.93,新潟
新潟県,三条市,431.97,158.2,県央
新潟県,加茂市,133.72,38.32,県央
新潟県,弥彦村,25.17,17.34,県央
新潟県,燕市,110.94,104.45,県央
新潟県,田上町,31.71,20.37,県央
新潟県,十日町市,590.39,191.31,魚沼
新潟県,南魚沼市,584.55,193.92,魚沼
新潟県,津南町,170.21,63.86,魚沼
新潟県,湯沢町,357.29,61.06,魚沼
新潟県,魚沼市,946.76,158.23,魚沼
東京都,小平市,20.51,20.45,北多摩北部
東京都,東久留米市,12.88,12.72,北多摩北部
東京都,東村山市,17.14,16.77,北多摩北部
東京都,清瀬市,10.23,10.05,北多摩北部
東京都,西東京市,15.75,15.66,北多摩北部
東京都,三鷹市,16.42,16.41,北多摩南部
東京都,小金井市,11.3,11.25,北多摩南部
東京都,府中市,29.43,29.43,北多摩南部
東京都,武蔵野市,10.98,10.98,北多摩南部
東京都,狛江市,6.39,6.38,北多摩南部
東京都,調布市,21.58,21.46,北多摩南部
東京都,国分寺市,11.46,11.43,北多摩西部
東京都,国立市,8.15,8.12,北多摩西部
東京都,昭島市,17.34,17.06,北多摩西部
東京都,東大和市,13.42,11.4,北多摩西部
東京都,武蔵村山市,15.32,14.58,北多摩西部
東京都,立川市,24.36,24.33,北多摩西部
東京都,中央区,10.21,10.21,区中央部
東京都,千代田区,11.66,11.66,区中央部
東京都,台東区,10.11,10.11,区中央部
東京都,文京区,11.29,11.29,区中央部
東京都,港区,20.36,20.36,区中央部
東京都,品川区,22.85,22.85,区南部
東京都,大田区,61.86,61.86,区南部
東京都,荒川区,10.16,10.16,区東北部
東京都,葛飾区,34.8,34.8,区東北部
東京都,足立区,53.25,53.25,区東北部
東京都,墨田区,13.77,13.77,区東部
東京都,江戸川区,49.9,49.9,区東部
東京都,江東区,42.99,42.99,区東部
東京都,北区,20.61,20.61,区西北部
東京都,板橋区,32.22,32.22,区西北部
東京都,練馬区,48.08,48.08,区西北部
東京都,豊島区,13.01,13.01,区西北部
東京都,世田谷区,58.05,58.05,区西南部
東京都,渋谷区,15.11,15.11,区西南部
東京都,目黒区,14.67,14.67,区西南部
東京都,中野区,15.59,15.59,区西部
東京都,新宿区,18.22,18.22,区西部
東京都,杉並区,34.06,34.06,区西部
東京都,八王子市,186.38,108.03,南多摩
東京都,多摩市,21.01,20.65,南多摩
東京都,日野市,27.55,26.55,南多摩
東京都,町田市,71.55,63.76,南多摩
東京都,稲城市,17.97,15.39,南多摩
東京都,三宅村,55.26,13.97,島しょ
東京都,八丈町,72.24,32.63,島しょ
東京都,利島村,4.04,1.28,島しょ
東京都,大島町,90.76,43.36,島しょ
東京都,小笠原村,113.04,61.65,島しょ
東京都,御蔵島村,20.39,2.1,島しょ
東京都,新島村,27.54,8.96,島しょ
東京都,神津島村,18.58,4.42,島しょ
東京都,青ヶ島村,5.95,2.34,島しょ
東京都,あきる野市,73.47,29.5,西多摩
東京都,奥多摩町,225.53,13.86,西多摩
東京都,日の出町,28.07,9.02,西多摩
東京都,檜原村,105.41,7.9,西多摩
東京都,瑞穂町,16.85,14.07,西多摩
東京都,福生市,10.16,9.95,西多摩
東京都,羽村市,9.9,9.83,西多摩
東京都,青梅市,103.31,38.67,西多摩
栃木県,佐野市,356.04,138.2,両毛
栃木県,足利市,177.76,98.37,両毛
栃木県,宇都宮市,416.85,336.5,宇都宮
栃木県,さくら市,125.63,101.52,県北
栃木県,塩谷町,176.06,63.78,県北
栃木県,大田原市,354.36,202.77,県北
栃木県,矢板市,170.46,73.69,県北
栃木県,那珂川町,192.78,70.49,県北
栃木県,那須塩原市,592.74,220.21,県北
栃木県,那須烏山市,174.35,93.2,県北
栃木県,那須町,372.34,156.69,県北
栃木県,高根沢町,70.87,66.29,県北
栃木県,上三川町,54.39,52.94,県南
栃木県,下野市,74.59,71.59,県南
栃木県,壬生町,61.06,57.08,県南
栃木県,小山市,171.75,166.34,県南
栃木県,栃木市,331.5,247.7,県南
栃木県,野木町,30.27,28.17,県南
栃木県,市貝町,64.25,40.47,県東
栃木県,益子町,89.4,50.7,県東
栃木県,真岡市,167.34,153.09,県東
栃木県,芳賀町,70.16,62.23,県東
栃木県,茂木町,172.69,62.03,県東
栃木県,日光市,1449.83,236.13,県西
栃木県,鹿沼市,490.64,154.9,県西
沖縄県,うるま市,87.03,72.42,中部
沖縄県,中城村,15.53,12.64,中部
沖縄県,北中城村,11.54,9.48,中部
沖縄県,北谷町,13.91,13.06,中部
沖縄県,嘉手納町,15.12,12.49,中部
沖縄県,宜野座村,31.31,15.51,中部
沖縄県,宜野湾市,19.8,18.66,中部
沖縄県,恩納村,50.81,20.6,中部
沖縄県,沖縄市,49.72,40.71,中部
沖縄県,読谷村,35.28,25.65,中部
沖縄県,金武町,37.93,17.41,中部
沖縄県,与那国町,28.9,12.39,八重山
沖縄県,石垣市,229.15,110.07,八重山
沖縄県,竹富町,334.4,52.12,八重山
沖縄県,今帰仁村,39.94,24.73,北部
沖縄県,伊平屋村,21.84,9.25,北部
沖縄県,伊是名村,15.43,11.36,北部
沖縄県,伊江村,22.7,17.23,北部
沖縄県,名護市,210.8,72.28,北部
沖縄県,国頭村,194.85,28.75,北部
沖縄県,大宜味村,63.63,14.49,北部
沖縄県,本部町,54.37,33.05,北部
沖縄県,東村,81.75,20.82,北部
沖縄県,与那原町,5.18,4.5,南部
沖縄県,久米島町,63.65,35.52,南部
沖縄県,八重瀬町,26.96,24.45,南部
沖縄県,北大東村,13.07,9.28,南部
沖縄県,南城市,49.94,39.86,南部
沖縄県,南大東村,30.52,22.17,南部
沖縄県,南風原町,10.76,10.05,南部
沖縄県,座間味村,16.74,3.35,南部
沖縄県,浦添市,19.44,18.7,南部
沖縄県,渡名喜村,3.87,1.45,南部
沖縄県,渡嘉敷村,19.23,2.04,南部
沖縄県,粟国村,7.65,4.05,南部
沖縄県,糸満市,46.6,40.9,南部
沖縄県,西原町,15.9,13.61,南部
沖縄県,豊見城市,19.33,18.09,南部
沖縄県,那覇市,41.46,41.26,南部
沖縄県,多良間村,22.0,11.9,宮古
沖縄県,宮古島市,203.9,159.57,宮古
滋賀県,大津市,464.51,123.73,大津
滋賀県,日野町,117.6,56.2,東近江
滋賀県,東近江市,388.37,163.32,東近江
滋賀県,竜王町,44.55,29.15,東近江
滋賀県,近江八幡市,177.45,80.01,東近江
滋賀県,米原市,250.39,65.48,湖北
滋賀県,長浜市,681.02,164.28,湖北
滋賀県,守山市,55.73,45.28,湖南
滋賀県,栗東市,52.69,29.58,湖南
滋賀県,草津市,67.82,46.31,湖南
滋賀県,野洲市,80.15,48.24,湖南
滋賀県,多賀町,135.77,19.67,湖東
滋賀県,彦根市,196.87,72.92,湖東
滋賀県,愛荘町,37.97,28.73,湖東
滋賀県,甲良町,13.63,11.89,湖東
滋賀県,豊郷町,7.8,7.8,湖東
滋賀県,高島市,693.05,117.76,湖西
滋賀県,湖南市,70.4,33.08,甲賀
滋賀県,甲賀市,481.62,156.14,甲賀
熊本県,八代市,681.3,183.1,八代
熊本県,氷川町,33.36,30.03,八代
熊本県,上天草市,126.67,50.62,天草
熊本県,天草市,683.82,221.8,天草
熊本県,苓北町,67.58,26.01,天草
熊本県,宇土市,74.3,45.86,宇城
熊本県,宇城市,188.67,129.18,宇城
熊本県,美里町,144.0,39.98,宇城
熊本県,南関町,68.92,35.1,有明
熊本県,和水町,98.78,47.18,有明
熊本県,玉名市,152.6,126.8,有明
熊本県,玉東町,24.33,16.72,有明
熊本県,荒尾市,57.37,48.25,有明
熊本県,長洲町,19.44,19.1,有明
熊本県,中央区,25.45,23.52,熊本・上益城
熊本県,北区,115.34,89.09,熊本・上益城
熊本県,南区,110.01,100.51,熊本・上益城
熊本県,嘉島町,16.65,16.65,熊本・上益城
熊本県,山都町,544.67,139.65,熊本・上益城
熊本県,御船町,99.03,43.48,熊本・上益城
熊本県,東区,50.19,47.76,熊本・上益城
熊本県,甲佐町,57.93,32.42,熊本・上益城
熊本県,益城町,65.68,45.31,熊本・上益城
熊本県,西区,89.33,66.18,熊本・上益城
熊本県,あさぎり町,159.56,53.85,球磨
熊本県,五木村,252.92,14.59,球磨
熊本県,人吉市,210.55,52.73,球磨
熊本県,多良木町,165.86,34.38,球磨
熊本県,山江村,121.19,16.32,球磨
熊本県,水上村,190.96,15.8,球磨
熊本県,湯前町,48.37,12.92,球磨
熊本県,球磨村,207.58,26.23,球磨
熊本県,相良村,94.54,25.26,球磨
熊本県,錦町,85.04,37.0,球磨
熊本県,水俣市,163.29,42.64,芦北
熊本県,津奈木町,34.08,12.27,芦北
熊本県,芦北町,234.01,51.33,芦北
熊本県,合志市,53.19,46.08,菊池
熊本県,大津町,99.1,50.18,菊池
熊本県,菊池市,276.85,125.98,菊池
熊本県,菊陽町,37.46,33.13,菊池
熊本県,南小国町,115.9,21.98,阿蘇
熊本県,南阿蘇村,137.32,50.82,阿蘇
熊本県,小国町,136.94,26.47,阿蘇
熊本県,産山村,60.81,14.72,阿蘇
熊本県,西原村,77.22,31.31,阿蘇
熊本県,阿蘇市,376.3,136.0,阿蘇
熊本県,高森町,175.06,45.13,阿蘇
熊本県,山鹿市,299.69,145.29,鹿本
石川県,加賀市,305.87,92.4,南加賀
石川県,小松市,371.05,111.93,南加賀
石川県,川北町,14.64,14.64,南加賀
石川県,能美市,84.14,48.53,南加賀
石川県,かほく市,64.44,40.06,石川中央
石川県,内灘町,20.33,16.61,石川中央
石川県,津幡町,110.59,54.25,石川中央
石川県,白山市,754.92,197.7,石川中央
石川県,野々市市,13.56,13.56,石川中央
石川県,金沢市,468.81,191.95,石川中央
石川県,七尾市,318.26,114.37,能登中部
石川県,中能登町,89.45,39.09,能登中部
石川県,宝達志水町,111.51,41.6,能登中部
石川県,志賀町,246.76,85.53,能登中部
石川県,羽咋市,81.85,52.76,能登中部
石川県,珠洲市,247.2,60.79,能登北部
石川県,穴水町,183.21,49.02,能登北部
石川県,能登町,273.27,70.63,能登北部
石川県,輪島市,426.35,99.21,能登北部
神奈川県,多摩区,20.5,18.7,川崎北部
神奈川県,宮前区,18.61,17.4,川崎北部
神奈川県,高津区,16.36,15.35,川崎北部
神奈川県,麻生区,23.25,19.6,川崎北部
神奈川県,中原区,14.74,14.68,川崎南部
神奈川県,川崎区,39.49,39.49,川崎南部
神奈川県,幸区,10.01,10.01,川崎南部
神奈川県,中区,22.01,21.48,横浜
神奈川県,保土ケ谷区,21.93,19.86,横浜
神奈川県,南区,12.65,11.95,横浜
神奈川県,戸塚区,35.79,31.38,横浜
神奈川県,旭区,32.73,29.04,横浜
神奈川県,栄区,18.52,15.07,横浜
神奈川県,泉区,23.58,21.87,横浜
神奈川県,港北区,31.4,29.51,横浜
神奈川県,港南区,19.9,18.57,横浜
神奈川県,瀬谷区,17.17,15.86,横浜
神奈川県,磯子区,19.02,16.88,横浜
神奈川県,神奈川区,23.73,22.73,横浜
神奈川県,緑区,25.51,21.35,横浜
神奈川県,西区,7.03,6.97,横浜
神奈川県,都筑区,27.87,26.29,横浜
神奈川県,金沢区,30.95,27.3,横浜
神奈川県,青葉区,35.22,32.78,横浜
神奈川県,鶴見区,33.21,32.71,横浜
神奈川県,三浦市,32.05,26.17,横須賀・三浦
神奈川県,横須賀市,100.81,71.91,横須賀・三浦
神奈川県,葉山町,17.04,8.23,横須賀・三浦
神奈川県,逗子市,17.28,10.97,横須賀・三浦
神奈川県,鎌倉市,39.66,26.87,横須賀・三浦
神奈川県,寒川町,13.34,13.1,湘南東部
神奈川県,茅ヶ崎市,35.7,32.87,湘南東部
神奈川県,藤沢市,69.56,63.95,湘南東部
神奈川県,二宮町,9.08,7.34,湘南西部
神奈川県,伊勢原市,55.56,34.45,湘南西部
神奈川県,大磯町,17.18,11.92,湘南西部
神奈川県,平塚市,67.83,62.9,湘南西部
神奈川県,秦野市,103.76,49.74,湘南西部
神奈川県,中央区,36.87,36.03,相模原
神奈川県,南区,38.11,35.63,相模原
神奈川県,緑区,253.93,69.31,相模原
神奈川県,厚木市,93.83,67.38,県央
神奈川県,大和市,27.09,25.37,県央
神奈川県,座間市,17.57,16.67,県央
神奈川県,愛川町,34.28,19.42,県央
神奈川県,海老名市,26.59,25.85,県央
神奈川県,清川村,71.24,7.65,県央
神奈川県,綾瀬市,22.14,20.58,県央
神奈川県,中井町,19.99,13.47,県西
神奈川県,南足柄市,77.12,24.98,県西
神奈川県,大井町,14.38,10.89,県西
神奈川県,小田原市,113.6,71.14,県西
神奈川県,山北町,224.61,26.42,県西
神奈川県,松田町,37.75,9.15,県西
神奈川県,湯河原町,40.97,10.4,県西
神奈川県,真鶴町,7.05,3.52,県西
神奈川県,箱根町,92.86,16.63,県西
神奈川県,開成町,6.55,6.55,県西
福井県,南越前町,343.69,30.34,丹南
福井県,池田町,194.65,17.55,丹南
福井県,越前市,230.7,88.79,丹南
福井県,越前町,153.15,39.47,丹南
福井県,鯖江市,84.59,53.11,丹南
福井県,勝山市,253.88,53.22,奥越
福井県,大野市,872.43,128.04,奥越
福井県,おおい町,212.19,25.58,嶺南
福井県,小浜市,233.11,42.62,嶺南
福井県,敦賀市,251.47,53.44,嶺南
福井県,美浜町,152.38,25.65,嶺南
福井県,若狭町,178.49,51.11,嶺南
福井県,高浜町,72.4,19.11,嶺南
福井県,あわら市,116.98,70.51,福井・坂井
福井県,坂井市,209.67,136.06,福井・坂井
福井県,永平寺町,94.43,25.78,福井・坂井
福井県,福井市,536.37,216.96,福井・坂井
福岡県,うきは市,117.46,58.17,久留米
福岡県,久留米市,229.96,193.92,久留米
福岡県,大刀洗町,22.84,22.83,久留米
福岡県,大川市,33.62,33.62,久留米
福岡県,大木町,18.44,18.44,久留米
福岡県,小郡市,45.51,44.31,久留米
福岡県,みやこ町,151.34,54.69,京築
福岡県,上毛町,62.44,23.67,京築
福岡県,吉富町,5.72,5.72,京築
福岡県,築上町,119.61,46.58,京築
福岡県,苅田町,49.58,32.57,京築
福岡県,行橋市,70.07,57.16,京築
福岡県,豊前市,111.01,41.96,京築
福岡県,八女市,482.44,167.34,八女・筑後
福岡県,広川町,37.94,24.46,八女・筑後
福岡県,筑後市,41.78,41.71,八女・筑後
福岡県,中間市,15.96,15.15,北九州
福岡県,八幡東区,36.26,19.33,北九州
福岡県,八幡西区,83.13,60.92,北九州
福岡県,小倉北区,39.23,31.12,北九州
福岡県,小倉南区,171.51,76.91,北九州
福岡県,岡垣町,48.64,21.46,北九州
福岡県,戸畑区,16.61,16.05,北九州
福岡県,水巻町,11.01,9.95,北九州
福岡県,芦屋町,11.58,9.25,北九州
福岡県,若松区,72.1,55.76,北九州
福岡県,遠賀町,22.15,18.43,北九州
福岡県,門司区,73.66,38.42,北九州
福岡県,宗像市,119.94,69.27,宗像
福岡県,福津市,52.76,39.18,宗像
福岡県,みやま市,105.21,85.64,有明
福岡県,大牟田市,81.45,62.63,有明
福岡県,柳川市,77.15,77.15,有明
福岡県,朝倉市,246.71,111.9,朝倉
福岡県,東峰村,51.97,8.56,朝倉
福岡県,筑前町,67.1,44.53,朝倉
福岡県,大任町,14.26,9.84,田川
福岡県,川崎町,36.14,18.05,田川
福岡県,添田町,132.2,21.47,田川
福岡県,田川市,54.55,38.62,田川
福岡県,福智町,42.06,25.51,田川
福岡県,糸田町,8.04,5.79,田川
福岡県,赤村,31.98,8.98,田川
福岡県,香春町,44.5,15.35,田川
福岡県,宮若市,139.99,56.58,直方・鞍手
福岡県,小竹町,14.28,10.63,直方・鞍手
福岡県,直方市,61.76,40.48,直方・鞍手
福岡県,鞍手町,35.6,23.06,直方・鞍手
福岡県,中央区,15.39,15.37,福岡・糸島
福岡県,南区,30.98,26.07,福岡・糸島
福岡県,博多区,31.62,29.55,福岡・糸島
福岡県,城南区,15.99,13.18,福岡・糸島
福岡県,早良区,95.87,34.15,福岡・糸島
福岡県,東区,69.46,60.49,福岡・糸島
福岡県,糸島市,215.69,117.43,福岡・糸島
福岡県,西区,84.16,53.98,福岡・糸島
福岡県,大野城市,26.89,16.75,筑紫
福岡県,太宰府市,29.6,17.84,筑紫
福岡県,春日市,14.15,13.52,筑紫
福岡県,筑紫野市,87.73,44.4,筑紫
福岡県,那珂川市,74.95,20.81,筑紫
福岡県,久山町,37.44,11.9,粕屋
福岡県,古賀市,42.07,28.31,粕屋
福岡県,宇美町,30.21,12.11,粕屋
福岡県,志免町,8.69,8.44,粕屋
福岡県,新宮町,18.93,14.01,粕屋
福岡県,篠栗町,38.93,12.81,粕屋
福岡県,粕屋町,14.13,13.41,粕屋
福岡県,須恵町,16.31,10.04,粕屋
福岡県,嘉麻市,135.11,56.84,飯塚
福岡県,桂川町,20.14,13.76,飯塚
福岡県,飯塚市,213.96,106.23,飯塚
福島県,いわき市,1232.51,352.77,いわき
福島県,三島町,90.81,11.62,会津・南会津
福島県,下郷町,317.04,43.7,会津・南会津
福島県,会津坂下町,91.59,61.49,会津・南会津
福島県,会津美里町,276.33,75.36,会津・南会津
福島県,会津若松市,382.97,146.19,会津・南会津
福島県,北塩原村,234.08,25.64,会津・南会津
福島県,南会津町,886.47,79.89,会津・南会津
福島県,只見町,747.56,171.51,会津・南会津
福島県,喜多方市,554.63,181.48,会津・南会津
福島県,昭和村,209.46,19.17,会津・南会津
福島県,柳津町,175.82,22.02,会津・南会津
福島県,檜枝岐村,390.46,52.46,会津・南会津
福島県,湯川村,16.37,16.37,会津・南会津
福島県,猪苗代町,394.85,73.65,会津・南会津
福島県,磐梯町,59.77,21.25,会津・南会津
福島県,西会津町,298.18,48.12,会津・南会津
福島県,金山町,293.92,75.71,会津・南会津
福島県,南相馬市,398.58,184.49,相双
福島県,双葉町,51.42,22.17,相双
福島県,大熊町,78.71,30.99,相双
福島県,富岡町,68.39,28.46,相双
福島県,川内村,197.35,23.13,相双
福島県,広野町,58.69,14.63,相双
福島県,新地町,46.7,31.17,相双
福島県,楢葉町,103.64,25.86,相双
福島県,浪江町,223.14,62.71,相双
福島県,相馬市,197.79,91.75,相双
福島県,葛尾村,84.37,15.39,相双
福島県,飯舘村,230.13,57.04,相双
福島県,三春町,72.76,49.36,県中
福島県,古殿町,163.29,29.55,県中
福島県,天栄村,225.52,37.21,県中
福島県,小野町,125.18,39.04,県中
福島県,平田村,93.42,35.08,県中
福島県,浅川町,37.43,21.46,県中
福島県,玉川村,46.67,25.46,県中
福島県,田村市,458.33,154.42,県中
福島県,石川町,115.71,56.44,県中
福島県,郡山市,757.2,333.81,県中
福島県,鏡石町,31.3,27.85,県中
福島県,須賀川市,279.43,160.47,県中
福島県,二本松市,344.42,190.36,県北
福島県,伊達市,265.12,132.87,県北
福島県,国見町,37.95,23.47,県北
福島県,大玉村,79.44,30.56,県北
福島県,川俣町,127.7,37.55,県北
福島県,本宮市,88.02,60.71,県北
福島県,桑折町,42.97,24.56,県北
福島県,福島市,767.72,274.21,県北
福島県,中島村,18.92,15.7,県南
福島県,塙町,211.41,40.36,県南
福島県,棚倉町,159.93,41.13,県南
福島県,泉崎村,35.43,24.21,県南
福島県,白河市,305.32,132.13,県南
福島県,矢吹町,60.4,49.16,県南
福島県,矢祭町,118.27,24.33,県南
福島県,西郷村,192.06,62.11,県南
福島県,鮫川村,131.34,31.22,県南
秋田県,上小阿仁村,256.72,19.15,北秋田
秋田県,北秋田市,1152.76,195.04,北秋田
秋田県,仙北市,1093.56,152.89,大仙・仙北
秋田県,大仙市,866.79,368.55,大仙・仙北
秋田県,美郷町,168.32,96.37,大仙・仙北
秋田県,大館市,913.22,190.39,大館・鹿角
秋田県,小坂町,201.7,19.33,大館・鹿角
秋田県,鹿角市,707.52,148.52,大館・鹿角
秋田県,横手市,692.8,317.42,横手
秋田県,東成瀬村,203.69,31.96,湯沢・雄勝
秋田県,湯沢市,790.91,158.75,湯沢・雄勝
秋田県,羽後町,230.78,69.93,湯沢・雄勝
秋田県,にかほ市,241.13,84.33,由利本荘・にかほ
秋田県,由利本荘市,1209.59,297.38,由利本荘・にかほ
秋田県,五城目町,214.92,39.78,秋田周辺
秋田県,井川町,47.95,21.88,秋田周辺
秋田県,八郎潟町,17.0,13.95,秋田周辺
秋田県,大潟村,170.11,159.65,秋田周辺
秋田県,潟上市,97.72,66.81,秋田周辺
秋田県,男鹿市,241.09,116.33,秋田周辺
秋田県,秋田市,906.07,291.94,秋田周辺
秋田県,三種町,247.98,113.53,能代・山本
秋田県,八峰町,234.14,43.3,能代・山本
秋田県,能代市,426.95,177.83,能代・山本
秋田県,藤里町,282.13,38.29,能代・山本
群馬県,伊勢崎市,139.44,139.11,伊勢崎
群馬県,玉村町,25.78,25.62,伊勢崎
群馬県,前橋市,311.59,238.67,前橋
群馬県,中之条町,439.28,71.1,吾妻
群馬県,嬬恋村,337.58,99.97,吾妻
群馬県,東吾妻町,253.91,56.57,吾妻
群馬県,草津町,49.75,18.9,吾妻
群馬県,長野原町,133.85,40.08,吾妻
群馬県,高山村,64.18,15.53,吾妻
群馬県,千代田町,21.73,21.45,太田・館林
群馬県,大泉町,18.03,18.01,太田・館林
群馬県,太田市,175.54,166.57,太田・館林
群馬県,明和町,19.64,19.62,太田・館林
群馬県,板倉町,41.86,41.85,太田・館林
群馬県,邑楽町,31.11,30.75,太田・館林
群馬県,館林市,60.97,60.67,太田・館林
群馬県,下仁田町,188.38,26.46,富岡
群馬県,南牧村,118.83,13.3,富岡
群馬県,富岡市,122.85,75.09,富岡
群馬県,甘楽町,58.61,24.99,富岡
群馬県,みどり市,208.42,43.47,桐生
群馬県,桐生市,274.45,77.87,桐生
群馬県,みなかみ町,781.08,167.19,沼田
群馬県,川場村,85.25,11.48,沼田
群馬県,昭和村,64.14,38.99,沼田
群馬県,沼田市,443.46,100.38,沼田
群馬県,片品村,391.76,31.76,沼田
群馬県,吉岡町,20.46,16.8,渋川
群馬県,榛東村,27.92,14.72,渋川
群馬県,渋川市,240.27,105.99,渋川
群馬県,上野村,181.85,11.81,藤岡
群馬県,神流町,114.6,13.32,藤岡
群馬県,藤岡市,180.29,75.46,藤岡
群馬県,安中市,276.31,110.91,高崎・安中
群馬県,高崎市,459.16,244.61,高崎・安中
茨城県,つくばみらい市,79.16,68.54,つくば
茨城県,つくば市,283.72,231.7,つくば
茨城県,常総市,123.64,117.75,つくば
茨城県,利根町,24.86,24.2,取手・竜ヶ崎
茨城県,取手市,69.94,67.91,取手・竜ヶ崎
茨城県,守谷市,35.71,34.03,取手・竜ヶ崎
茨城県,河内町,44.3,44.3,取手・竜ヶ崎
茨城県,牛久市,58.92,47.06,取手・竜ヶ崎
茨城県,稲敷市,205.81,161.19,取手・竜ヶ崎
茨城県,美浦村,66.61,28.7,取手・竜ヶ崎
茨城県,阿見町,71.4,53.29,取手・竜ヶ崎
茨城県,龍ケ崎市,78.59,68.56,取手・竜ヶ崎
茨城県,五霞町,23.11,22.91,古河・坂東
茨城県,古河市,123.58,115.88,古河・坂東
茨城県,坂東市,123.03,111.7,古河・坂東
茨城県,境町,46.59,43.97,古河・坂東
茨城県,かすみがうら市,156.6,91.84,土浦
茨城県,土浦市,122.89,98.68,土浦
茨城県,石岡市,215.53,126.05,土浦
茨城県,ひたちなか市,101.02,94.97,常陸太田・ひたちなか
茨城県,大子町,325.76,70.08,常陸太田・ひたちなか
茨城県,常陸大宮市,348.45,129.45,常陸太田・ひたちなか
茨城県,常陸太田市,371.99,88.77,常陸太田・ひたちなか
茨城県,東海村,38.01,32.87,常陸太田・ひたちなか
茨城県,那珂市,97.82,81.39,常陸太田・ひたちなか
茨城県,北茨城市,186.79,58.1,日立
茨城県,日立市,225.73,88.51,日立
茨城県,高萩市,193.55,43.43,日立
茨城県,城里町,161.8,63.03,水戸
茨城県,大洗町,23.89,17.86,水戸
茨城県,小美玉市,144.74,113.47,水戸
茨城県,水戸市,217.32,184.96,水戸
茨城県,笠間市,240.4,134.75,水戸
茨城県,茨城町,121.58,91.26,水戸
茨城県,下妻市,80.88,77.73,筑西・下妻
茨城県,八千代町,58.99,55.84,筑西・下妻
茨城県,桜川市,180.06,102.91,筑西・下妻
茨城県,筑西市,205.3,193.43,筑西・下妻
茨城県,結城市,65.76,62.97,筑西・下妻
茨城県,潮来市,71.4,50.01,鹿行
茨城県,神栖市,146.97,139.33,鹿行
茨城県,行方市,222.48,123.23,鹿行
茨城県,鉾田市,207.6,153.88,鹿行
茨城県,鹿嶋市,106.04,79.16,鹿行
長崎県,小値賀町,25.5,11.03,上五島
長崎県,新上五島町,214.0,39.33,上五島
長崎県,五島市,420.12,145.05,五島
長崎県,佐々町,32.26,14.53,佐世保県北
長崎県,佐世保市,426.01,208.28,佐世保県北
長崎県,平戸市,235.12,103.05,佐世保県北
長崎県,松浦市,130.55,68.82,佐世保県北
長崎県,壱岐市,139.42,80.1,壱岐
長崎県,対馬市,707.42,74.44,対馬
長崎県,南島原市,170.15,109.63,県南
長崎県,島原市,82.96,49.1,県南
長崎県,雲仙市,214.29,109.82,県南
長崎県,大村市,126.73,66.75,県央
長崎県,川棚町,37.25,16.07,県央
長崎県,東彼杵町,74.29,29.61,県央
長崎県,波佐見町,56.0,21.42,県央
長崎県,諫早市,341.79,196.79,県央
長崎県,時津町,20.94,12.48,長崎
長崎県,西海市,241.98,105.31,長崎
長崎県,長与町,28.73,18.82,長崎
長崎県,長崎市,405.69,187.76,長崎
長野県,中川村,77.05,18.4,上伊那
長野県,伊那市,667.93,142.6,上伊那
長野県,南箕輪村,40.99,17.75,上伊那
長野県,宮田村,54.5,14.79,上伊那
長野県,箕輪町,85.91,30.71,上伊那
長野県,辰野町,169.2,26.96,上伊那
長野県,飯島町,86.96,28.7,上伊那
長野県,駒ヶ根市,165.86,44.99,上伊那
長野県,上田市,552.04,155.86,上小
長野県,東御市,112.37,57.0,上小
長野県,長和町,183.86,25.48,上小
長野県,青木村,57.1,10.81,上小
長野県,佐久市,423.51,158.8,佐久
長野県,佐久穂町,188.15,38.79,佐久
長野県,北相木村,56.32,5.15,佐久
長野県,南牧村,133.09,30.04,佐久
長野県,南相木村,66.05,8.11,佐久
長野県,小海町,114.2,21.68,佐久
長野県,小諸市,98.55,64.64,佐久
長野県,川上村,209.61,32.92,佐久
長野県,御代田町,58.79,26.23,佐久
長野県,立科町,66.87,26.74,佐久
長野県,軽井沢町,156.03,40.27,佐久
長野県,中野市,112.18,65.58,北信
長野県,山ノ内町,265.9,30.53,北信
長野県,木島平村,99.32,18.29,北信
長野県,栄村,271.66,34.59,北信
長野県,野沢温泉村,57.96,9.14,北信
長野県,飯山市,202.43,78.04,北信
長野県,大町市,565.15,153.15,大北
長野県,小谷村,267.91,37.52,大北
長野県,松川村,47.07,21.15,大北
長野県,池田町,40.16,17.39,大北
長野県,白馬村,189.36,57.07,大北
長野県,上松町,168.42,16.5,木曽
長野県,南木曽町,215.93,24.0,木曽
長野県,大桑村,234.47,31.0,木曽
長野県,木曽町,476.03,57.37,木曽
長野県,木祖村,140.5,14.71,木曽
長野県,王滝村,310.82,35.3,木曽
長野県,塩尻市,289.98,71.6,松本
長野県,安曇野市,331.78,139.25,松本
長野県,山形村,24.98,12.12,松本
長野県,朝日村,70.62,8.99,松本
長野県,松本市,978.47,233.33,松本
長野県,生坂村,39.05,7.4,松本
長野県,筑北村,99.47,15.51,松本
長野県,麻績村,34.38,10.14,松本
長野県,下諏訪町,66.87,8.23,諏訪
長野県,原村,43.26,23.35,諏訪
長野県,富士見町,144.76,45.13,諏訪
長野県,岡谷市,85.1,21.91,諏訪
長野県,茅野市,266.59,72.13,諏訪
長野県,諏訪市,109.17,29.23,諏訪
長野県,信濃町,149.3,37.02,長野
長野県,千曲市,119.79,49.85,長野
長野県,坂城町,53.64,16.75,長野
長野県,小川村,58.11,11.57,長野
長野県,小布施町,19.12,16.55,長野
長野県,長野市,834.81,311.64,長野
長野県,須坂市,149.67,47.38,長野
長野県,飯綱町,75.0,34.36,長野
長野県,高山村,98.56,14.57,長野
長野県,下條村,38.12,11.59,飯伊
長野県,喬木村,66.61,12.7,飯伊
長野県,売木村,43.43,4.59,飯伊
長野県,大鹿村,248.28,24.91,飯伊
長野県,天龍村,109.44,7.05,飯伊
長野県,平谷村,77.37,2.37,飯伊
長野県,松川町,72.79,25.99,飯伊
長野県,根羽村,89.97,4.22,飯伊
長野県,泰阜村,64.59,6.61,飯伊
長野県,豊丘村,76.79,14.5,飯伊
長野県,阿南町,123.07,13.84,飯伊
長野県,阿智村,214.43,21.49,飯伊
長野県,飯田市,658.66,112.59,飯伊
長野県,高森町,45.36,19.76,飯伊
青森県,七戸町,337.23,115.27,上十三地域
青森県,三沢市,119.39,100.02,上十三地域
青森県,六ヶ所村,252.58,111.62,上十三地域
青森県,六戸町,83.89,57.68,上十三地域
青森県,十和田市,725.65,206.18,上十三地域
青森県,東北町,326.5,126.41,上十三地域
青森県,横浜町,126.38,31.05,上十三地域
青森県,野辺地町,81.68,27.2,上十三地域
青森県,むつ市,864.2,138.93,下北地域
青森県,佐井村,135.05,16.64,下北地域
青森県,大間町,52.09,14.34,下北地域
青森県,東通村,295.32,65.51,下北地域
青森県,風間浦村,69.46,5.9,下北地域
青森県,おいらせ町,71.96,59.22,八戸地域
青森県,三戸町,151.79,50.8,八戸地域
青森県,五戸町,177.67,84.39,八戸地域
青森県,八戸市,305.56,204.45,八戸地域
青森県,南部町,153.12,76.19,八戸地域
青森県,新郷村,150.77,30.06,八戸地域
青森県,田子町,241.98,46.97,八戸地域
青森県,階上町,94.0,39.68,八戸地域
青森県,大鰐町,163.43,37.66,津軽地域
青森県,平川市,346.01,94.79,津軽地域
青森県,弘前市,524.2,294.51,津軽地域
青森県,板柳町,41.88,41.88,津軽地域
青森県,田舎館村,22.35,22.35,津軽地域
青森県,藤崎町,37.29,37.29,津軽地域
青森県,西目屋村,246.02,21.83,津軽地域
青森県,黒石市,217.05,73.56,津軽地域
青森県,つがる市,253.55,213.57,西北五地域
青森県,中泊町,216.34,66.88,西北五地域
青森県,五所川原市,404.2,171.08,西北五地域
青森県,深浦町,488.91,65.82,西北五地域
青森県,鰺ヶ沢町,343.08,80.7,西北五地域
青森県,鶴田町,46.43,45.23,西北五地域
青森県,今別町,125.27,19.46,青森地域
青森県,外ヶ浜町,230.3,31.05,青森地域
青森県,平内町,217.09,47.04,青森地域
青森県,蓬田村,80.84,19.89,青森地域
青森県,青森市,824.61,259.6,青森地域
静岡県,御前崎市,65.57,49.36,中東遠
静岡県,掛川市,265.69,153.51,中東遠
静岡県,森町,133.91,38.47,中東遠
静岡県,磐田市,163.45,136.74,中東遠
静岡県,菊川市,94.19,71.9,中東遠
静岡県,袋井市,108.33,86.61,中東遠
静岡県,富士宮市,389.08,141.84,富士
静岡県,富士市,244.94,123.85,富士
静岡県,吉田町,20.73,20.49,志太榛原
静岡県,島田市,315.7,106.94,志太榛原
静岡県,川根本町,496.88,48.39,志太榛原
静岡県,焼津市,70.3,66.43,志太榛原
静岡県,牧之原市,111.69,79.23,志太榛原
静岡県,藤枝市,194.06,101.82,志太榛原
静岡県,伊東市,124.02,55.24,熱海伊東
静岡県,熱海市,61.7,23.65,熱海伊東
静岡県,浜松市,1558.11,490.43,西部
静岡県,湖西市,86.56,49.89,西部
静岡県,下田市,104.38,25.31,賀茂
静岡県,南伊豆町,109.94,24.58,賀茂
静岡県,東伊豆町,77.82,20.83,賀茂
静岡県,松崎町,85.11,14.01,賀茂
静岡県,河津町,100.69,19.39,賀茂
静岡県,西伊豆町,105.41,12.42,賀茂
静岡県,清水区,265.12,141.82,静岡
静岡県,葵区,1073.75,146.63,静岡
静岡県,駿河区,73.06,54.23,静岡
静岡県,三島市,62.02,38.74,駿東田方
静岡県,伊豆の国市,94.62,42.68,駿東田方
静岡県,伊豆市,363.97,68.46,駿東田方
静岡県,函南町,65.16,29.42,駿東田方
静岡県,小山町,135.74,44.32,駿東田方
静岡県,御殿場市,194.9,85.22,駿東田方
静岡県,沼津市,186.85,93.38,駿東田方
静岡県,清水町,8.81,7.9,駿東田方
静岡県,裾野市,138.12,44.0,駿東田方
静岡県,長泉町,26.63,16.24,駿東田方
香川県,土庄町,74.34,27.69,小豆
香川県,小豆島町,95.59,26.39,小豆
香川県,さぬき市,158.62,76.14,東部
香川県,三木町,75.78,38.61,東部
香川県,東かがわ市,152.86,49.21,東部
香川県,直島町,14.21,4.48,東部
香川県,高松市,375.54,233.3,東部
香川県,まんのう町,194.45,61.06,西部
香川県,三豊市,222.69,144.4,西部
香川県,丸亀市,111.83,81.74,西部
香川県,善通寺市,39.93,30.86,西部
香川県,坂出市,92.49,66.24,西部
香川県,多度津町,24.39,18.91,西部
香川県,宇多津町,8.1,7.21,西部
香川県,琴平町,8.47,6.38,西部
香川県,綾川町,109.75,58.52,西部
香川県,観音寺市,117.83,73.9,西部
高知県,いの町,470.97,46.41,中央
高知県,仁淀川町,333.0,37.52,中央
高知県,佐川町,100.8,28.92,中央
高知県,南国市,125.3,64.86,中央
高知県,土佐市,91.5,42.57,中央
高知県,土佐町,212.13,28.17,中央
高知県,大川村,95.27,5.18,中央
高知県,大豊町,315.06,38.04,中央
高知県,日高村,44.85,15.97,中央
高知県,本山町,134.22,13.75,中央
高知県,越知町,111.95,18.49,中央
高知県,香南市,126.46,53.42,中央
高知県,香美市,537.86,59.42,中央
高知県,高知市,309.0,136.37,中央
高知県,北川村,196.73,13.44,安芸
高知県,奈半利町,28.37,7.17,安芸
高知県,安田町,52.36,9.89,安芸
高知県,安芸市,317.16,36.03,安芸
高知県,室戸市,248.22,31.97,安芸
高知県,東洋町,74.02,10.37,安芸
高知県,田野町,6.53,3.53,安芸
高知県,芸西村,39.6,10.3,安芸
高知県,馬路村,165.48,9.48,安芸
高知県,三原村,85.37,11.51,幡多
高知県,四万十市,632.32,100.5,幡多
高知県,土佐清水市,265.42,37.99,幡多
高知県,大月町,102.73,22.35,幡多
高知県,宿毛市,286.14,44.06,幡多
高知県,黒潮町,188.46,39.74,幡多
高知県,中土佐町,193.21,21.06,高幡
高知県,四万十町,642.28,84.49,高幡
高知県,檮原町,236.45,22.13,高幡
高知県,津野町,197.85,21.59,高幡
高知県,須崎市,135.2,33.24,高幡
鳥取県,三朝町,233.52,26.87,中部
鳥取県,倉吉市,272.06,88.83,中部
鳥取県,北栄町,56.94,42.55,中部
鳥取県,湯梨浜町,77.93,34.21,中部
鳥取県,琴浦町,139.97,52.45,中部
鳥取県,八頭町,206.71,41.37,東部
鳥取県,岩美町,122.31,22.89,東部
鳥取県,智頭町,224.7,17.17,東部
鳥取県,若桜町,199.18,13.72,東部
鳥取県,鳥取市,765.31,212.14,東部
鳥取県,伯耆町,139.44,42.53,西部
鳥取県,南部町,114.03,28.21,西部
鳥取県,境港市,29.11,26.78,西部
鳥取県,大山町,189.74,79.15,西部
鳥取県,日南町,340.96,36.01,西部
鳥取県,日吉津村,4.2,4.13,西部
鳥取県,日野町,133.98,13.87,西部
鳥取県,江府町,124.52,22.37,西部
鳥取県,米子市,132.42,98.97,西部
鹿児島県,出水市,329.98,119.18,出水
鹿児島県,長島町,116.19,48.01,出水
鹿児島県,阿久根市,134.28,52.79,出水
鹿児島県,南さつま市,283.59,102.36,南薩
鹿児島県,南九州市,357.91,170.08,南薩
鹿児島県,指宿市,148.82,72.46,南薩
鹿児島県,枕崎市,74.78,41.09,南薩
鹿児島県,与論町,20.58,19.74,奄美
鹿児島県,伊仙町,62.71,47.04,奄美
鹿児島県,和泊町,40.39,37.36,奄美
鹿児島県,喜界町,56.82,47.85,奄美
鹿児島県,大和村,88.26,8.81,奄美
鹿児島県,天城町,80.4,45.58,奄美
鹿児島県,奄美市,308.33,68.66,奄美
鹿児島県,宇検村,103.07,9.1,奄美
鹿児島県,徳之島町,104.92,49.93,奄美
鹿児島県,瀬戸内町,239.65,42.63,奄美
鹿児島県,知名町,53.3,47.11,奄美
鹿児島県,龍郷町,81.82,15.07,奄美
鹿児島県,伊佐市,392.56,116.34,姶良・伊佐
鹿児島県,姶良市,231.25,77.67,姶良・伊佐
鹿児島県,湧水町,144.29,44.5,姶良・伊佐
鹿児島県,霧島市,603.17,198.46,姶良・伊佐
鹿児島県,さつま町,303.9,106.5,川薩
鹿児島県,薩摩川内市,682.92,222.52,川薩
鹿児島県,大崎町,100.64,64.81,曽於
鹿児島県,志布志市,290.21,133.94,曽於
鹿児島県,曽於市,390.14,160.58,曽於
鹿児島県,中種子町,136.94,77.21,熊毛
鹿児島県,南種子町,109.94,48.87,熊毛
鹿児島県,屋久島町,540.45,56.68,熊毛
鹿児島県,西之表市,205.57,85.3,熊毛
鹿児島県,南大隅町,213.59,46.75,肝属
鹿児島県,垂水市,162.1,35.4,肝属
鹿児島県,東串良町,27.85,24.4,肝属
鹿児島県,肝付町,308.04,60.48,肝属
鹿児島県,錦江町,163.19,40.95,肝属
鹿児島県,鹿屋市,448.15,215.03,肝属
鹿児島県,いちき串木野市,112.3,42.97,鹿児島
鹿児島県,三島村,31.39,2.93,鹿児島
鹿児島県,十島村,101.15,27.93,鹿児島
鹿児島県,日置市,253.01,103.65,鹿児島
鹿児島県,鹿児島市,547.61,248.5,鹿児島
